expression,reading,meaning,tags,guid
〜 (まる) ごと,〜 (まる) ごと,"~통째로, 전부",JLPT JLPT_2,Ja%uZn!l8Y
(かさを～) さす,(かさを～) さす,(우산을) '펴다',JLPT JLPT_2 MediaMissing,g~n;/-.8!D
〜(日本) 式,～(にほん) しき,"~식, ~방식",JLPT JLPT_2 MediaMissing,no!e4=rwH(
～位,～い,위,JLPT JLPT_2,G*#PQ&xZe;
～いち (にほんいち),～いち (にほんいち),"~제일, 최고",JLPT JLPT_2,GmGAkPKtVr
～園,～えん,-원,JLPT JLPT_2,z)[Ulzmb?X
～おしまい (おわり),～おしまい (おわり),~로 끝,JLPT JLPT_2,B07i&;klYX
～日,～か,"일, 날(날짜·기간 단위)",JLPT JLPT_2,rDuT4FxT)r
～下,～か,-하,JLPT JLPT_2,fbg-jA#f{K
～化,～か,-화,JLPT JLPT_2,jA{o6okAW~
～科,～か,과,JLPT JLPT_2,G*u5fLwYB~
～歌,～か,-가,JLPT JLPT_2,b!q>|EX?]V
～画,～が,-화,JLPT_1 JLPT JLPT_2,A:x.SahEv8
～外,～がい,"바깥, 밖",JLPT JLPT_2,v.D6N)Jn-M
～難い,～がたい,~하기 어렵다,JLPT_1 JLPT JLPT_2,q5_^x`K^C~
～がち,～がち,"(명사, 동사 연용형에 붙음) 그러한 경향, 상태가 큼",JLPT JLPT_2,"HC!2|,O=Uv"
～刊,～かん,간,JLPT JLPT_2,J]XIoil*2L
～間,～かん,"-간, -째",JLPT JLPT_2,Qm1qWlocEP
～巻,～かん,권,JLPT JLPT_2,K19uzsMb_o
～館,～かん,-관,JLPT JLPT_2,c3uPE$j0G@
～感,～かん,감,JLPT JLPT_2,gv?{M:3Nl+
～期,～き,-기,JLPT JLPT_2,kCfW%K6Q|D
～器,～き,-기,JLPT JLPT_2,u+~Y!_LNSC
～機,～き,-기,JLPT JLPT_2,k3|o@N56?1
～気味,～ぎみ,"기미, 경향",JLPT JLPT_2,H[Vo.[BxaR
～教,～きょう,어간의 하나,JLPT JLPT_2,"vbb{{,/z36"
～行,～ぎょう,"행, 글줄",JLPT JLPT_2,E5TA@2@XRb
～業,～ぎょう,-업,JLPT JLPT_2,r#B%nh/j8;
～きる,～きる,빠지다,JLPT JLPT_2,lY)YcCGPox
～切れ,～きれ,~이 다 떨어짐; ~조각,JLPT JLPT_2,BI!R8>v)8r
～口,～くち,"초입, 아가리",JLPT JLPT_2,pT(<V!lc5R
～家,～け,-가,JLPT JLPT_2,OVLMa7l[Gn
～形,～けい,-형,JLPT JLPT_2,M3p*&+Wj>%
～系,～けい,-계,JLPT_1 JLPT JLPT_2,AgNe/GkjZM
～圏,～けん,-권,JLPT_1 JLPT JLPT_2,Ddk.oC`&.J
～校,～こう,교,JLPT JLPT_2,m]41H0.3l-
～港,～こう,-항,JLPT JLPT_2,vQbZYeISYX
～号,～ごう,호,JLPT JLPT_2,qiAK;eRQt!
～国,～こく,-국,JLPT JLPT_2,m~(IN:3:#0
～毎,～ごと,매,JLPT JLPT_2,Bs7#M8Tn1H
～山,～さん,산,JLPT JLPT_2,vw^f*9f$12
～産,～さん,-산,JLPT JLPT_2,tJtC7!P@]H
～史,～し,-사,JLPT JLPT_2,y`(f6xau3#
～紙,～し,-지,JLPT JLPT_2,y0d}(mMiCt
～寺,～じ,-사,JLPT JLPT_2,Nj@/ru^JH5
～時間目,～じかんめ,교시,JLPT JLPT_2,LonTM0:Ie8
～室,～しつ,실,JLPT JLPT_2,eycwn`U+hZ
～日,～じつ,"날, 하루; 일본의 약어",JLPT JLPT_2,jkFuTgpXi`
～車,～しゃ,차,JLPT JLPT_2,h)<Q^X85ag
～者,～しゃ,사람,JLPT JLPT_2,MTv(a]7l!6
～社,～しゃ,-사,JLPT JLPT_2,sQmjhXA-Mr
～手,～しゅ,-수,JLPT JLPT_2,IkixzX56yl
～酒,～しゅ,-주,JLPT JLPT_2,k?BC&(RjAH
～集,～しゅう,-집,JLPT JLPT_2,LdT;R@utl1
～所,～しょ,곳,JLPT JLPT_2,qVV9fum9%7
～所,～じょ,"곳, 장소",JLPT JLPT_2,cE:Y(}3[Wc
～女,～じょ,여-,JLPT JLPT_2,D4j(w~c1gi
～省,～しょう,성(정부부서),JLPT JLPT_2,v9~DY$oS}A
～商,～しょう,-상,JLPT JLPT_2,DK0!oyaXJR
～勝,～しょう,승,JLPT JLPT_2,E_qw?Tzvk_
～条,～じょう,조,JLPT_1 JLPT JLPT_2,q^S9+[e=*b
～場,～じょう,"~장, ~하는 곳",JLPT JLPT_2,eh5O)[W8C@
～畳,～じょう,장(다다미를 세는 단위),JLPT JLPT_2,gXTr~P6_;?
～色,～しょく,"색, 색깔",JLPT JLPT_2,w$+z1REIYB
～過ぎる,～すぎる,너무~하다,JLPT JLPT_2,"P,ja3J!YLK"
～済,～ずみ,"~완료, ~필",JLPT JLPT_2,ncGw.Yh;>r
～席,～せき,석,JLPT JLPT_2,sr9PdG~4;[
～船,～せん,-선,JLPT JLPT_2,JSy<S}QGsV
～戦,～せん,판,JLPT JLPT_2,M$gHOq[jYN
～前,～ぜん,전,JLPT JLPT_2,DTK5j`gi24
～沿い,～そい,"~을 따라, ~가",JLPT JLPT_2,"sbv*I,a%(h"
～艘,～そう,척(배를 세는 단위),JLPT JLPT_2,AT^w8|Z/Tg
～足,～そく,켤레,JLPT JLPT_2,q&YH/C!y&b
～だらけ,～だらけ,"주머니, 천지",JLPT JLPT_2,C*zDXpDGOo
～団,～だん,-단,JLPT JLPT_2,"JAUz(u,OT1"
～着,～ちゃく,벌,JLPT JLPT_2,LNy/i0~?h*
～庁,～ちょう,-청,JLPT JLPT_2,Nh*HbZ~CkX
～兆,～ちょう,조,JLPT JLPT_2,jHeL$YV:ox
～長,～ちょう,"장, 주인",JLPT JLPT_2,i0hy<f%]dq
～帳,～ちょう,-장,JLPT JLPT_2,e.I(|go>z(
～丁目,～ちょうめ,-가,JLPT JLPT_2,z[Zeu>wor`
～通,～つう,통,JLPT JLPT_2,gcs`gQZBri
～遣い,～づかい,"~씀씀이, 사용법",JLPT JLPT_2,C?GOcbN8fi
～付,～つき,~이 딸린,JLPT JLPT_2,L%2+~L_:IY
～続く,～つづく,가다,JLPT JLPT_2,u%o(or2@%{
～辛い,～づらい,맵다; 심하다,JLPT JLPT_2,u@W}x:nhL8
～滴,～てき,"방울, 점",JLPT JLPT_2,J%ti108Zf0
～点,～てん,~점(점수 단위),JLPT JLPT_2,Q=wx{JnD0/
～頭,～とう,마리,JLPT JLPT_2,Q04jNq<%}1
～等,～とう,등,JLPT JLPT_2,t~N);db(/R
～島,～とう,-도,JLPT JLPT_2,xDO?MQ[t-7
～道,～どう,어간의 하나; 길,JLPT JLPT_2,NK#jvaQLbz
～通り,～とおり,거리,JLPT JLPT_2,i!k>vq-guB
～ところ,～ところ,참,JLPT JLPT_2,B;8DjvC&9}
～内,～ない,안,JLPT JLPT_2,K?<zC9:h:N
～年生,～ねんせい,년생,JLPT JLPT_2,seB~`F&UPJ
～泊,～はく,박,JLPT JLPT_2,PblG<4:M5~
～発,～はつ,발,JLPT JLPT_2,e#d]&/=XN}
～番目,～ばんめ,번째,JLPT JLPT_2,i*esVeP_ak
～費,～ひ,-비,JLPT JLPT_2,u[jm+{6L3X
～病,～びょう,병,JLPT JLPT_2,A*!}.Pwu5m
～部,～ぶ,부,JLPT JLPT_2,fPDrnMwV)X
～風,～ふう,-풍,JLPT JLPT_2,l^t;?>.nOp
～振り,～ぶり,~만에; ~하는 모습,JLPT JLPT_2,;^fUn`g0d
～遍,～へん,"~번, ~회",JLPT JLPT_2,K&5Px_U7gs
～弁,～べん,꼭지,JLPT JLPT_2,jOUF!M-NS3
～歩,～ほ,걸음,JLPT JLPT_2,Bd!L5Wz^Su
～ぽい,～ぽい,-맞다,JLPT JLPT_2,f_=g;f`{~[
～ほう (ひかく),～ほう (ひかく),~쪽(비교),JLPT JLPT_2,bVM<L+hK+`
～みたい,～みたい,~처럼 보인다,JLPT JLPT_2,N{CD^3;+~1
～向け,～むけ,대상·행선지를 나타냄,JLPT JLPT_2,"Gc8ij%t,3="
～名,～めい,이름,JLPT JLPT_2,u?LD1<v]&U
～もち,～もち,"떡; 가짐, 소유",JLPT JLPT_2,kcFc6H|EaR
～問,～もん,어간의 하나,JLPT JLPT_2,r$GN8{}74-
～夜,～や,밤,JLPT JLPT_2,Cczj9?Yw&<
～等,～ら,~등,JLPT JLPT_2,yo94:>GuX6
～流,～りゅう,-류,JLPT JLPT_2,zpH1qv^$%p
～料,～りょう,"요금, 요금표",JLPT JLPT_2,IX116ZKh4C
～領,～りょう,-령,JLPT JLPT_2,MXZX<Kqb>
～力,～りょく,힘,JLPT JLPT_2,G<sBHiz^]!
～論,～ろん,-론,JLPT JLPT_2,"ec<,e&v$V7"
～羽,～わ,마리(새·토끼를 세는 단위),JLPT JLPT_2,FQL)TF/a}O
相変わらず,あいかわらず,여전히,JLPT JLPT_2,B>ep8MopYw
アイデア; アイディア,アイデア; アイディア,생각,JLPT JLPT_2,NkL-h!TKp$
あいまい,あいまい,애매한,JLPT JLPT_2,"y8aZ,my]%p"
扇ぐ,あおぐ,부채질하다,JLPT JLPT_2,Gk2+[0&j}c
青白い,あおじろい,창백하다,JLPT JLPT_2,B[(dutQ)|%
呆れる,あきれる,"충격을 받다, 경악하다",JLPT JLPT_2,o8s#rYeo4>
アクセント,アクセント,악센트,JLPT JLPT_2,"w=+|,GhTIn"
あくび,あくび,하품,JLPT JLPT_2,v|~6.5@[n^
飽くまで,あくまで,"어디까지나, 끝까지",JLPT JLPT_2,"vD,5@+@_q]"
明くる～,あくる～,다음,JLPT JLPT_2,c0UJ5Dk9?v
明け方,あけがた,새벽,JLPT JLPT_2,pi=5b}Xk:R
憧れる,あこがれる,동경하다,JLPT JLPT_2,c:=`W|}Gw`
朝寝坊,あさねぼう,늦잠,JLPT JLPT_2,kR|>&(p6rG
足跡,あしあと,자국,JLPT JLPT_2,lj:ebvgd-q
足元,あしもと,발밑,JLPT JLPT_2,Ha)Qe[babj
味わう,あじわう,맛보다,JLPT JLPT_2,uxSo4jtf~d
預かる,あずかる,맡다,JLPT JLPT_2,LJpv~D13xj
温まる,あたたまる,녹다,JLPT JLPT_2,B5XhWyF.q9
当たり前,あたりまえ,응당,JLPT JLPT_2,b#?!|FvT)4
あちらこちら,あちらこちら,"곳곳, 군데군데",JLPT JLPT_2,Q~Ip4wR{af
厚かましい,あつかましい,뻔뻔스럽다,JLPT JLPT_2,"wZ0,_rCNQo"
圧縮,あっしゅく,압축,JLPT JLPT_2,G:WAF/Dx1i
宛名,あてな,"주소성명, 수신인명",JLPT JLPT_2,"Q!,(6>`cO,"
当てはまる,あてはまる,"적합하다, 일치하다",JLPT JLPT_2,gWVd1Z[tfA
当てはめる,あてはめる,"적용하다, 적응하다",JLPT JLPT_2,OP(Hu}mMQq
暴れる,あばれる,날뛰다,JLPT JLPT_2,L6trU>v^!
脂,あぶら,기름,JLPT JLPT_2,t@*Ov{e4RP
あぶる,あぶる,굽다,JLPT JLPT_2,Jz@lzbGk7x
あふれる,あふれる,넘치다,JLPT JLPT_2,be7:(ploED
雨戸,あまど,덧문,JLPT JLPT_2,v+crs*_nva
甘やかす,あまやかす,응석을 받아 주다,JLPT JLPT_2,f~Uvnb+KP=
余る,あまる,남다,JLPT JLPT_2,r`ob2WL<}I
編み物,あみもの,뜨개질,JLPT JLPT_2,KBOilYWmo2
あみもの,あみもの,"편물, 뜨개질",JLPT JLPT_2,"wR7~d.J/,$"
編む,あむ,뜨개질하다,Genki Genki_Ln.13 JLPT JLPT_2,"Bcd5,b]]w5"
危うい,あやうい,"위태롭다, 위태하다",JLPT JLPT_2,JYnP1Z3O1n
怪しい,あやしい,어정쩡하다,JLPT JLPT_2,r?rB[7EP>5
荒い,あらい,"거세다, 거칠다",JLPT JLPT_2,P5h|CxAaCE
粗い,あらい,"거칠다, 껄껄하다",JLPT JLPT_2,t~Hs$2O?FD
粗筋,あらすじ,줄거리,JLPT JLPT_2,GLP0^5#h&@
争う,あらそう,싸우다,JLPT JLPT_2,eC6vp6J:;c
改めて,あらためて,"새로이, 새삼스럽다",JLPT JLPT_2,M$)j_R%uiN
改める,あらためる,돌이키다,JLPT JLPT_2,k-ggJ#W2U)
あらわす,あらわす,저술하다,JLPT JLPT_2,jfH_)2c|9s
有難い,ありがたい,고맙다,JLPT JLPT_2,yLS%JRr`~I
あれこれ,あれこれ,이런저런 것,JLPT JLPT_2,H3{e@Ms<u9
荒れる,あれる,거칠다,JLPT JLPT_2,opLT~#LruK
慌ただしい,あわただしい,분주하다,JLPT JLPT_2,"d*5}[C^,EG"
慌てる,あわてる,당황하다,JLPT JLPT_2,RdWuu8/jDE
安易,あんい,"안이함, 손쉬움",JLPT JLPT_2,cpsk;f2&m/
案外,あんがい,의외로,JLPT JLPT_2,"E-`?,aYenW"
アンテナ,アンテナ,안테나,JLPT JLPT_2,u25h^5*Vx<
言い出す,いいだす,떼다,JLPT JLPT_2,ma-oStit-!
言い付ける,いいつける,명하다,JLPT JLPT_2,K=!C~7x9Db
意義,いぎ,의의,JLPT JLPT_2,K*wt2r`%<B
生き生き,いきいき,생생히,JLPT JLPT_2,Am|5$tSksY
いきなり,いきなり,"급작스레, 느닷없이",Intermediate_Japanese Intermediate_Japanese_Ln.13 JLPT JLPT_2,J=<-XB_N-t
幾～,いく～,몇,JLPT JLPT_2,o<XZoP)ZFl
育児,いくじ,육아,Intermediate_Japanese Intermediate_Japanese_Ln.14 JLPT JLPT_2,hwmLlQK_:7
幾分,いくぶん,다소,JLPT JLPT_2,wUiE3U*>P6
生け花,いけばな,꽃꽂이,JLPT JLPT_2,o!9H~`j>Ob
以後,いご,향후,JLPT JLPT_2 Intermediate_Japanese_Ln.8 Intermediate_Japanese,"OpKq9d,k&%"
イコール,イコール,동등한,JLPT JLPT_2,F:$jr>Gcvz
以降,いこう,이후,JLPT JLPT_2,"hI7gX,ojpA"
勇ましい,いさましい,용감하다,JLPT JLPT_2,jh9$B&!xLP
衣食住,いしょくじゅう,의식주,JLPT JLPT_2,yYjE5SKh.|
いちいち,いちいち,"하나씩, 따로",JLPT JLPT_2,c`q7>|uO;;
一応,いちおう,"일단, 우선",JLPT JLPT_2,DUm[|ty]2z
一段と,いちだんと,한결,JLPT_2 JLPT Intermediate_Japanese_Ln.15 Intermediate_Japanese,H2Se/ybI3t
一流,いちりゅう,일류,JLPT JLPT_2,Q-z[xmuvA*
一昨日,いっさくじつ,그저께,JLPT JLPT_2,q)l_a#Mm^@
一昨年,いっさくねん,재작년,JLPT JLPT_2,H3]XYSojiI
一斉,いっせい,일제,JLPT JLPT_2,H3C62{9DP`
一旦,いったん,일단,JLPT JLPT_2,"Fv;m,:R#X("
一定,いってい,일정,JLPT JLPT_2,Qx{lB{;UG~
行っていらっしゃい,いっていらっしゃい,다녀오세요,JLPT JLPT_2,Q~[>k~aD(O
いってきます,いってきます,다녀오겠습니다,JLPT JLPT_2,O;VZoV$S8W
いってまいります,いってまいります,다녀오겠습니다,JLPT JLPT_2,wg6qf;hcRZ
行ってらっしゃい,いってらっしゃい,다녀오세요,JLPT JLPT_2,eL-o)31hPE
移転,いてん,이전,JLPT JLPT_2,A[fI%[bpSh
井戸,いど,우물,JLPT JLPT_2,"Fw}ob1+9,G"
緯度,いど,위도,JLPT JLPT_2,mKsQtDevFo
威張る,いばる,깝죽이다,JLPT JLPT_2,kEp;c{E_R1
嫌がる,いやがる,싫어하다,JLPT JLPT_2,wwKIWtwwb&
いよいよ,いよいよ,드디어,JLPT JLPT_2,h5$?Ko/s)4
煎る,いる,볶다,JLPT JLPT_2,"bLrppO],[q"
炒る,いる,볶다,JLPT JLPT_2,dcy>(4#yAy
入れ物,いれもの,케이스,JLPT JLPT_2,RbLFeu/vvY
インキ,インキ,잉크,JLPT JLPT_2,I{rR0;+{t|
引力,いんりょく,중력,JLPT JLPT_2,cP:.V7Ysb%
ウーマン,ウーマン,여자,JLPT JLPT_2,"O5m,c!v(H5"
ウール,ウール,양모,JLPT JLPT_2,bgePnfbn;n
ウエートレス,ウエートレス,여종업원,JLPT JLPT_2,C$[Z6H5/gO
植木,うえき,"정원수, 화분의 나무",JLPT JLPT_2,j}3Ny1eUVB
飢える,うえる,"굶주리다, 주리다",JLPT JLPT_2,CQMZtp4T24
浮ぶ,うかぶ,어리다,JLPT JLPT_2,IN|gezRxCl
浮かべる,うかべる,짓다,JLPT JLPT_2,Nj{^.3q>-V
浮く,うく,뜨다,JLPT JLPT_2,JS6e6ewLTQ
承る,うけたまわる,알다,JLPT JLPT_2,IKhK:kjp?E
受取,うけとり,영수증,JLPT JLPT_2,"k?,%G]kD{4"
受け持つ,うけもつ,"맡다, 맡아보다",JLPT JLPT_2,b1cU__S&E=
薄暗い,うすぐらい,어둠침침하다,JLPT JLPT_2,m6<YpAEgo!
薄める,うすめる,죽이다,JLPT JLPT_2,F/33?d^ON{
打合せ,うちあわせ,"협의, 사전 협의",JLPT JLPT_2,I>LU.f-`NP
打ち消す,うちけす,"부인하다, 부정하다",JLPT JLPT_2,HCI~2sil9S
写る,うつる,찍히다,JLPT JLPT_2,CI<Sr}lwt|
うどん,うどん,가락국수,Intermediate_Japanese_Ln.6 JLPT_2 JLPT Intermediate_Japanese,zUsFPVRoV;
うなずく,うなずく,까닥이다,JLPT JLPT_2,qP>fuv+29W
有無,うむ,유무,JLPT JLPT_2,zVa=(IGgn=
埋める,うめる,메우다,JLPT JLPT_2,wtEE639hh4
敬う,うやまう,공경하다,JLPT JLPT_2,hRta^!r1WT
裏返す,うらがえす,뒤치다,JLPT JLPT_2,cJR[<yA$vw
裏口,うらぐち,뒷문,JLPT JLPT_2,xTA1N/QL{`
占う,うらなう,보다,JLPT JLPT_2,isAnLJU5w0
恨み,うらみ,원한,JLPT JLPT_2,"A+B,^3x]O="
恨む,うらむ,원망하다,JLPT JLPT_2,D@R<vxJ)<U
羨む,うらやむ,부러워하다,JLPT JLPT_2,tthSa[}tg_
売上,うりあげ,판매액,JLPT JLPT_2,p9d{%uQSR:
売り上げ,うりあげ,"매상, 매상액",JLPT JLPT_2,AV/DH?U*[&
売り切れ,うりきれ,매진,JLPT JLPT_2,J#x&HGI1=J
売り切れる,うりきれる,매진되다,JLPT JLPT_2,Ls1JX0p>PP
売行き,うれゆき,판매 실적,JLPT JLPT_2,t0r)gygLV
売れ行き,うれゆき,"판매, 수요",JLPT JLPT_2,lFbE^~5.H1
うろうろ,うろうろ,얼쩡얼쩡,JLPT JLPT_2,h0R8Gh3Y^Q
上～,うわ～,"위, 위쪽",JLPT JLPT_2,IiRGZY[b#L
運河,うんが,운하,JLPT JLPT_2,os15ZQMcmE
うんと,うんと,흠뻑,JLPT JLPT_2,K1|_U:?Zi2
英文,えいぶん,영문,JLPT JLPT_2,N6cGn)]tI&
英和,えいわ,"영일, 영어-일본어",JLPT JLPT_2,iL]q/<ICwB
ええと,ええと,가만있다,JLPT JLPT_2,k9QoK3_%6*
液体,えきたい,액체,JLPT JLPT_2,CdyMwPZr;-
エチケット,エチケット,에티켓,JLPT JLPT_2,JD<(LA+lT8
絵の具,えのぐ,그림물감,JLPT JLPT_2,il.hIkd5@*
エプロン,エプロン,앞치마,JLPT JLPT_2,iE$K!WaP&V
偉い,えらい,잘나다,JLPT JLPT_2,va_:XsaQZY
宴会,えんかい,연회,JLPT JLPT_2,i-sdwsFh$Z
園芸,えんげい,원예,JLPT JLPT_2,BqeOt&R7YG
演劇,えんげき,극,JLPT JLPT_2,"Otg5e*No,p"
円周,えんしゅう,원주,JLPT JLPT_2,Q#$a9V=}iv
遠足,えんそく,소풍,JLPT JLPT_2,K/i>jpon?&
延長,えんちょう,연장,JLPT JLPT_2,kv5xP;(9Nh
煙突,えんとつ,굴뚝,JLPT JLPT_2,vA~$8Qi$g7
オーケストラ,オーケストラ,오케스트라,JLPT JLPT_2,E(IY~:+.r]
オートメーション,オートメーション,자동화,JLPT JLPT_2,w$xtVM50Wd
追いかける,おいかける,쫓아다니다,JLPT JLPT_2,IwJw]GEFbC
追い越す,おいこす,앞지르다,JLPT JLPT_2,QFqJ-N@k`a
オイル,オイル,기름,JLPT JLPT_2,lfd7.m*9JT
応援,おうえん,응원,JLPT JLPT_2,"db6u7R<V*,"
王女,おうじょ,공주,JLPT JLPT_2,mtg%KXTE/:
応ずる,おうずる,응하다,JLPT JLPT_2,uaD~LH-B3=
応接,おうせつ,응접,JLPT JLPT_2,bEx~ccePEK
応対,おうたい,응대,JLPT JLPT_2,"cy],C~WcL}"
往復,おうふく,왕복,JLPT JLPT_2,n3GyO1oyI7
欧米,おうべい,서양,JLPT_2 JLPT Intermediate_Japanese_Ln.7 Intermediate_Japanese,n1r<]dO&N/
応用,おうよう,응용,JLPT JLPT_2,KS%06Cn^yw
おおざっぱ,おおざっぱ,"대략적, 거칠고 세심하지 못함",JLPT JLPT_2,OHMTu7)N;!
大通り,おおどおり,"큰길, 한길",JLPT JLPT_2,e8NE2/)L:D
大凡,おおよそ,"대강, 대충",JLPT JLPT_2,"j>e8>g+K{,"
お帰り,おかえり,귀가; 어서 와,JLPT JLPT_2,J&)&R*:;&e
おかけください,おかけください,앉으세요,JLPT JLPT_2,LmStb*}|~b
おかげさまで,おかげさまで,덕분에,JLPT JLPT_2,E&mEeh`mWM
おかず,おかず,찬,JLPT JLPT_2,IW;hR&<.DQ
おかまいなく,おかまいなく,저 때문에 너무 걱정하지 마세요,JLPT JLPT_2,Bag34Ev^HT
拝む,おがむ,"절하다, 빌다",JLPT JLPT_2,BLY_FNPzlS
お代わり,おかわり,리필,JLPT JLPT_2,b}Avsf0g_X
補う,おぎなう,"보충하다, 보완하다",JLPT JLPT_2,F#($cJz>C
お気の毒に,おきのどくに,안됐군요,JLPT JLPT_2,I}O}}43=OW
屋外,おくがい,밖,JLPT JLPT_2,"b,/pc$HdnI"
送り仮名,おくりがな,오쿠리가나,JLPT JLPT_2,L0[6p2c}y;
お元気で,おげんきで,건강히 지내세요,JLPT JLPT_2,P?(I*3(kaT
怠る,おこたる,게을리하다,JLPT JLPT_2,hI%Hy&@P79
押さえる,おさえる,"누르다, 덮치다",JLPT JLPT_2,"n1S,CEj^b^"
お先に,おさきに,"먼저, 먼저 실례합니다",JLPT JLPT_2,O/_cfB(;1v
伯父,おじ,"삼촌, 큰아버지",JLPT JLPT_2,b<;4u^|F5a
叔父,おじ,"삼촌, 외삼촌",JLPT JLPT_2,b5[<>DjhLo
惜しい,おしい,아깝다,JLPT JLPT_2,u~)4Hh}G<5
伯父さん,おじさん,삼촌,JLPT JLPT_2,oFQ*.$]vx}
小父さん,おじさん,아저씨,JLPT JLPT_2,LsGH|S+7Q3
叔父さん,おじさん,삼촌,JLPT JLPT_2,"k@Fydl,X2%"
お邪魔します,おじゃまします,(방문객이) 실례합니다,JLPT JLPT_2,LMVMI71T}{
お世話になりました,おせわになりました,신세 많이 졌습니다,JLPT JLPT_2,s4cBT5H*[h
お大事に,おだいじに,몸조리 잘하세요,JLPT Genki_Ln.12 Intermediate_Japanese JLPT_2 Intermediate_Japanese_Ln.12 Genki,Km@NEq/P(_
落着く,おちつく,"안정되다, 진정되다",JLPT JLPT_2,u?j1|t;RlK
お出掛け,おでかけ,외출,JLPT JLPT_2,"gaqrD^P,Ry"
お手伝いさん,おてつだいさん,가정부,JLPT JLPT_2,iZR<wUzc/1
脅かす,おどかす,으르다,JLPT JLPT_2,Q>m)3/qe`#
落し物,おとしもの,유실물,JLPT JLPT_2,bMV+Q#2]G~
驚かす,おどろかす,놀래다,JLPT JLPT_2,DG2lo{usAe
お願いします,おねがいします,"부탁합니다 (문자 그대로, 요청합니다)",JLPT JLPT_2 Intermediate_Japanese_Ln.1 Intermediate_Japanese,oy}-GPhVx}
各々,おのおの,낱개,JLPT JLPT_2,s;E$Q88Yv[
伯母,おば,"큰어머니, 고모",JLPT JLPT_2,z:m(P{*wZ?
叔母,おば,이모,JLPT JLPT_2,Ek4&AJulO*
小母さん,おばさん,"아주머니, 아줌마",JLPT JLPT_2,tO0?[][Q}q
おはよう,おはよう,안녕. 오전에 하는 인사,JLPT JLPT_2,hzlc9[n5z=
お参り,おまいり,참배,JLPT JLPT_2,j2uP1/H2nj
お待たせしました,おまたせしました,기다리시게 해서 죄송합니다,JLPT JLPT_2,tWES^gs*3w
お待ちください,おまちください,잠시만 기다려 주세요,JLPT JLPT_2,A/UH`kBoC-
おまちどおさま,おまちどおさま,오래 기다리셨습니다,JLPT JLPT_2,kyL%[N^|az
おめでたい,おめでたい,어수룩하다,JLPT JLPT_2,"eET,n2`P|Z"
思い掛けない,おもいがけない,뜻밖의,JLPT JLPT_2,pxYW;;jVL[
思い切り,おもいきり,"한껏, 실컷",JLPT JLPT_2,u6znaLhPyo
思い込む,おもいこむ,믿다,JLPT JLPT_2,ggq%!UTv!w
思いっ切り,おもいっきり,"마음껏, 실컷",JLPT JLPT_2,"z,O=En=;Mc"
思いっきり,おもいっきり,최선을 다해,JLPT JLPT_2,"B,fE|/^X*C"
重たい,おもたい,"무겁다, 마음이 무겁다",JLPT JLPT_2,kxf3li]&Z0
お休み,おやすみ,휴일; 결석; 안녕히 주무세요,JLPT JLPT_2,g*1:u%%pd(
おやつ,おやつ,간식거리,JLPT JLPT_2,F0Bgt+CKGH
親指,おやゆび,엄지,JLPT JLPT_2,Q]+3Y_+I|o
オルガン,オルガン,"오르간, 풍금",JLPT JLPT_2,r4P=wfH}tX
御～,おん～,존칭 접두어,JLPT JLPT_2,oiyGIL2u!>
恩恵,おんけい,혜택,JLPT JLPT_2,t6?1>QfZ5F
温室,おんしつ,온실,JLPT JLPT_2,j@PV(c1<I%
温泉,おんせん,온천,JLPT Intermediate_Japanese JLPT_2 Genki_Ln.9 Intermediate_Japanese_Ln.10 Genki,p7%rZNufe3
温帯,おんたい,온대,JLPT JLPT_2,it?~KTCCdv
御中,おんちゅう,귀중,JLPT JLPT_2,i:g_|_*4fM
女の人,おんなのひと,여자,Genki_Ln.7 JLPT JLPT_2 Genki,k`gpRcVkY^
蚊,か,모기,JLPT JLPT_2,j=4=()Uwi2
カーブ,カーブ,커브,JLPT JLPT_2,"H$,bx/Aa*A"
貝,かい,조개,JLPT JLPT_2,HNd6/BU{>X
外～,がい～,"바깥, 밖",JLPT JLPT_2,hm9sVyWCE}
開会,かいかい,개회,JLPT JLPT_2,Lh4g/O2OJM
会館,かいかん,회관,JLPT JLPT_2,liybJFP&?H
改札,かいさつ,개찰,JLPT JLPT_2,y:jbDc8VoT
解散,かいさん,해산,JLPT JLPT_2,k.tjPn~)Hk
海水浴,かいすいよく,해수욕,JLPT JLPT_2,b`BB!zK8zx
回数,かいすう,횟수,JLPT JLPT_2,e]X6r<D@Yf
回数券,かいすうけん,회수권,JLPT JLPT_2,vh5]if8XnX
改正,かいせい,개정,JLPT JLPT_2,wJ:fR1W1sK
快晴,かいせい,쾌청,JLPT JLPT_2,ud00-YM]pE
解説,かいせつ,해설,JLPT JLPT_2,"z,rNuHyUJ$"
改造,かいぞう,개조,JLPT JLPT_2,GV-RfF@Gn1
開通,かいつう,개통,JLPT JLPT_2,BJU-xej2c~
回転,かいてん,회전,JLPT JLPT_2,bT_5rLaFDl
解答,かいとう,해답,JLPT JLPT_2,"yT|.1iJ,_Q"
回答,かいとう,"회답, 답신",JLPT JLPT_2,E!J[iX3Ig-
外部,がいぶ,외부,JLPT JLPT_2,yk*]@{a4/.
解放,かいほう,해방,JLPT JLPT_2,zS7|<$4Sg9
開放,かいほう,개방,JLPT JLPT_2,K(=v$Si}Sa
海洋,かいよう,해양,JLPT JLPT_2,"c?Kf,aYa,k"
概論,がいろん,"총론, 개론",JLPT JLPT_2,EagQlRaO<~
却って,かえって,오히려,JLPT JLPT_2,Ff-Dhop([3
家屋,かおく,가옥,JLPT JLPT_2,K9=P{6t9d@
係わる,かかわる,"관계되다, 관여하다",JLPT JLPT_2,e1]obK7qg.
書留,かきとめ,등기 우편,JLPT JLPT_2,"P,x~yeJiAf"
書取,かきとり,받아쓰기,JLPT JLPT_2,nlq[7d^Cda
垣根,かきね,울타리,JLPT JLPT_2,s%pg!Off-$
限り,かぎり,한,JLPT JLPT_2,nd]$n-hPJY
各～,かく～,각,JLPT JLPT_2,JIKk5aY~sz
架空,かくう,가공,JLPT JLPT_2,keLv$&NvXw
各自,かくじ,"각자, 제각기",JLPT JLPT_2,u>j/FKC5==
拡充,かくじゅう,확충,JLPT JLPT_2,k9>S;S#x^)
学術,がくじゅつ,학술,JLPT JLPT_2,y2n!_T5t*M
各地,かくち,각지,JLPT JLPT_2 Intermediate_Japanese_Ln.10 Intermediate_Japanese,M_|B!vf-KS
拡張,かくちょう,확장,JLPT JLPT_2,"qk,U%yom=n"
角度,かくど,각도,JLPT JLPT_2,xYUahGWaOD
学年,がくねん,학년,JLPT JLPT_2,snv|Q^7V&<
学部,がくぶ,학부,JLPT JLPT_2,M{Rt-~pV[8
格別,かくべつ,유별,JLPT JLPT_2,ew:H.)$lIz
確率,かくりつ,확률,JLPT JLPT_2,B^!PO()@Fj
学力,がくりょく,학력,JLPT JLPT_2,fg#sj4f&H/
掛け算,かけざん,곱셈,JLPT JLPT_2,NBNX=8%`mD
かけざん,かけざん,곱셈,JLPT JLPT_2,J(J6;KG1P0
可決,かけつ,가결,JLPT JLPT_2,?AdRO|`D3
火口,かこう,분화구,JLPT JLPT_2,I>{#77)U2L
下降,かこう,하강,JLPT JLPT_2,olO#.LVae]
重ねる,かさねる,포개다,JLPT JLPT_2,v-}D_SOws/
飾り,かざり,장식,JLPT JLPT_2,MTDy9F:WDT
火山,かざん,화산,JLPT JLPT_2 Intermediate_Japanese_Ln.10 Intermediate_Japanese,nQ^q[SYzad
かしこまりました,かしこまりました,알겠습니다,JLPT JLPT_2 Genki_Ln.20 Genki,K[_B[U0SFm
貸し出し,かしだし,"대출, 대여",JLPT JLPT_2,jgwQltf^|5
過失,かしつ,"허물, 과오",JLPT JLPT_2,wGXKGa.Q$k
果実,かじつ,과실,JLPT JLPT_2,Hr5#b<WZv5
貸間,かしま,셋방,JLPT JLPT_2,f;Mu?;YNxY
貸家,かしや,임대 주택,JLPT JLPT_2,xG+iA}dT^k
箇所,かしょ,"장소, 지점, 부분",JLPT JLPT_2,"u73w,EFcqC"
かしょ,かしょ,"구절, 부분",JLPT JLPT_2,QWm(5L}$9%
過剰,かじょう,과잉,JLPT JLPT_2,gyP>>^hD);
かじる,かじる,"씹다, 물어뜯다",JLPT JLPT_2,HPUE@sF)^#
課税,かぜい,과세,JLPT JLPT_2,v<>5#MB}<q
カセット,カセット,카세트(테이프),JLPT JLPT_2,O31|Fi(S7Q
下線,かせん,밑줄,JLPT JLPT_2,pq&rc|>fY.
加速,かそく,가속,JLPT JLPT_2,MT@qI_:;KR
加速度,かそくど,가속도,JLPT JLPT_2,ic-:spL~M@
かたかな,かたかな,가타카나,JLPT JLPT_2,QPplVw&IAL
かたづく,かたづく,정리되다,JLPT JLPT_2,"z6jkVh5~d,"
塊,かたまり,덩어리,JLPT JLPT_2,iJm<x_b^7C
固まる,かたまる,굳어지다,JLPT JLPT_2,iT33@SKQ0$
片道,かたみち,편도,JLPT JLPT_2,tN}hoBEcWZ
傾く,かたむく,달리다,JLPT JLPT_2,"eRHA+m,LAe"
片寄る,かたよる,기울다,JLPT JLPT_2,Q|RAcaS;Ac
学科,がっか,학과,JLPT JLPT_2,d/U/mP87B<
学会,がっかい,학회,JLPT_2 JLPT Intermediate_Japanese_Ln.15 Intermediate_Japanese,rvd2E[%d:l
楽器,がっき,악기,JLPT JLPT_2,zj[&tINbu_
学級,がっきゅう,학급,JLPT JLPT_2,xHn7Zkw(je
担ぐ,かつぐ,"메다, 떠메다",JLPT JLPT_2,uNP=4K#|_6
括弧,かっこ,괄호,JLPT JLPT_2,E4PO59(otM
活字,かつじ,활자,JLPT JLPT_2,lS9+ur8Rhy
勝手に,かってに,"임의로, ",JLPT JLPT_2,c;rdge_lIB
活躍,かつやく,활약,JLPT JLPT_2,t6eKeTVxu1
活力,かつりょく,활력,JLPT JLPT_2,P=dyC+Atno
課程,かてい,과정,JLPT JLPT_2,"g,{yU7}}eo"
仮名,かな,가나,JLPT JLPT_2,r+|=nvx{%}
仮名遣い,かなづかい,가나 표기법,JLPT JLPT_2,q:v%>e2~9#
鐘,かね,종,JLPT JLPT_2,MiZAx.nm4S
加熱,かねつ,가열,JLPT JLPT_2,D58GJ/(V81
兼ねる,かねる,겸하다,JLPT JLPT_2,s0EuumM^s>
カバー,カバー,(책 등의) 표지,JLPT JLPT_2,h7<4il+kD=
過半数,かはんすう,과반수,JLPT JLPT_2,t.8/F.$N=Y
かび (～がはえる),かび (～がはえる),"곰팡이, 백곰팡이",JLPT JLPT_2,Q.7b{&DG}o
被せる,かぶせる,덮다,JLPT JLPT_2,BdRmJ;EC_8
釜,かま,"가마, 가마솥",JLPT JLPT_2,M+N1Y3/)pj
構いません,かまいません,괜찮아요; 신경 쓰지 않는,Intermediate_Japanese_Ln.4 JLPT JLPT_2 Intermediate_Japanese,vd/0yY>i6%
紙屑,かみくず,폐휴지,JLPT JLPT_2,vvZ;(*{sDL
神様,かみさま,하느님,JLPT JLPT_2 Genki_Ln.20 Genki,QtI1aTgK3F
剃刀,かみそり,면도기,JLPT JLPT_2,EUVj(OJ|`3
ガム,ガム,껌,JLPT JLPT_2,IjCKN~>gDp
貨物,かもつ,화물,JLPT JLPT_2,Ee3iA.}E1T
歌謡,かよう,가요,JLPT JLPT_2,B8j5MHOl3a
殻,から,깍지,JLPT JLPT_2,E[9cW:WqUf
カラー,カラー,"칼라, 색상",JLPT JLPT_2,hoWS%R]$xc
からかう,からかう,놀리다,JLPT JLPT_2,f1|Z(DjQl3
空っぽ,からっぽ,빈껍데기,JLPT JLPT_2,ymKUE(fK%o
かるた,かるた,가루타(일본 전통 카드놀이),JLPT JLPT_2,cJB:Z0SpF-
枯れる,かれる,죽다,JLPT JLPT_2,w%ev2Rq1&r
カロリー,カロリー,​​칼로리,JLPT JLPT_2,"diZF6u*,sD"
可愛がる,かわいがる,귀여워하다,JLPT JLPT_2,zX92vgkXT;
乾かす,かわかす,말리다,JLPT JLPT_2,pnSoE/i9wh
為替,かわせ,"환, 환전",JLPT JLPT_2,JjeKsySAG^
瓦,かわら,기와,JLPT JLPT_2,Bf6o<dScJ^
間隔,かんかく,간격,JLPT JLPT_2,f(q^~|ToF|
換気,かんき,환기,JLPT JLPT_2,to8!Q9kk&}
感激,かんげき,"감격, 감동",JLPT JLPT_2,yU>I7PD.[:
関西,かんさい,〈지명〉 간사이,JLPT JLPT_2,"mfDDR,OXu:"
元日,がんじつ,"설날, 1월 1일",JLPT JLPT_2,u|JK#Xa]e5
鑑賞,かんしょう,감상,JLPT JLPT_2,E642S>/DUA
感ずる,かんずる,느끼다,JLPT JLPT_2,Nfi9|FOf@O
間接,かんせつ,간접,JLPT JLPT_2,dxp6!l6@:y
乾燥,かんそう,건조,JLPT JLPT_2,td4Zh9`xWT
感想,かんそう,"감상, 소감",JLPT JLPT_2,Dl}@=q4$z6
観測,かんそく,관측,JLPT JLPT_2,DpaRQHledo
寒帯,かんたい,한대 지역,JLPT JLPT_2,kuZZ@R:&?
勘違い,かんちがい,착각,JLPT JLPT_2,Hn~gIt2Uw4
官庁,かんちょう,"관가, 관청",JLPT JLPT_2,e-}veyn2>L
缶詰,かんづめ,통조림,JLPT JLPT_2,dGjAI6[GGs
乾電池,かんでんち,건전지,JLPT JLPT_2,kSO!})gG5D
関東,かんとう,간토 지방,JLPT JLPT_2,q$Rzr7k!?N
観念,かんねん,관념,JLPT JLPT_2,H`W;t.blod
乾杯,かんぱい,건배,JLPT_2 JLPT Genki_Ln.8 Genki,qtXR3lc8pv
看板,かんばん,간판,JLPT JLPT_2,f~lT@>sl(B
看病,かんびょう,병간호,JLPT JLPT_2,d4(@OW=wzg
冠,かんむり,감투,JLPT JLPT_2,"u>]rwp,Fs["
漢和,かんわ,"한일, 한자-일본어 사전",JLPT JLPT_2,"mNHDxx[&,N"
気圧,きあつ,기압,JLPT JLPT_2,w71unwo/e>
着替え,きがえ,갈아입을 옷; 옷을 갈아입기,JLPT JLPT_2,vi{&DRUjwE
着替える,きがえる,갈아입다,JLPT Intermediate_Japanese JLPT_2 Genki Intermediate_Japanese_Ln.10 Genki_Ln.21,"Az6,#K9!yB"
機関車,きかんしゃ,기관차,JLPT JLPT_2,dyq%>=g>@K
飢饉,ききん,기근,JLPT JLPT_2,of0kMjM40p
器具,きぐ,기기,JLPT JLPT_2,f04oZ+_FOX
期限,きげん,기한,JLPT JLPT_2,"hwqzFcU1,$"
記号,きごう,"마크, 부호",JLPT JLPT_2,"NF?>3T^,JP"
刻む,きざむ,새기다,JLPT JLPT_2,"LlS,o9O&r1"
儀式,ぎしき,식,JLPT JLPT_2,KIl/;heLfD
基準,きじゅん,기준,JLPT JLPT_2,l&fXwd/g5#
規準,きじゅん,"규준, 기준",JLPT JLPT_2,Efh]$;|u`t
起床,きしょう,기상,JLPT JLPT_2,"fOY,Ghbw-s"
着せる,きせる,입히다,JLPT JLPT_2,NKt/PdYQsd
基礎,きそ,"밑거름, 바탕",JLPT JLPT_2,IMHZY>OvkD
基地,きち,터전,JLPT JLPT_2,I7{+B~;-Cv
きっかけ,きっかけ,계기,JLPT JLPT_2,e9iq#7`z5g
切っ掛け,きっかけ,계제,JLPT JLPT_2,sY5&<lP/:_
ぎっしり,ぎっしり,꽉,JLPT JLPT_2,roF`vi5#iH
基盤,きばん,"토대, 토양",JLPT JLPT_2,Q#hD0![*dh
客席,きゃくせき,객석,JLPT JLPT_2,oKF%:%YXd4
客間,きゃくま,객실,JLPT JLPT_2,PWjQKkx$-q
ギャング,ギャング,갱단,JLPT JLPT_2,rmu8iNTz;H
キャンパス,キャンパス,캠퍼스,JLPT JLPT_2,me;5WQ2vTb
休業,きゅうぎょう,휴무,JLPT JLPT_2,oX~(4uE=OX
休講,きゅうこう,휴강,JLPT JLPT_2,IblG6P2b4^
休息,きゅうそく,휴식,JLPT JLPT_2,mFQb-ci%=n
給与,きゅうよ,녹,JLPT JLPT_2,PCn?h_u$qZ
休養,きゅうよう,휴양,JLPT JLPT_2,RcKyI3I]Oc
清い,きよい,"말갛다, 맑다",JLPT JLPT_2,Gl5ERuBRxp
強化,きょうか,강화,JLPT JLPT_2,uXIPpdZC1R
境界,きょうかい,경계,JLPT JLPT_2,j7=Rl[TZ[~
共産～,きょうさん～,공산,JLPT JLPT_2,j8+=)[q7=i
行事,ぎょうじ,행사,JLPT JLPT_2,"H,ijyT4Xeg"
恐縮,きょうしゅく,"황송함, 죄송함",JLPT JLPT_2,zQMs(1T)5O
教養,きょうよう,교양,JLPT JLPT_2,z>(b`0D^UW
行列,ぎょうれつ,행렬,JLPT JLPT_2,NW3kj#3*Pp
漁業,ぎょぎょう,어업,JLPT JLPT_2,oFZ3yBC.8y
曲線,きょくせん,곡선,JLPT JLPT_2,iDUc0okp@!
規律,きりつ,규율,JLPT JLPT_2,qH%%&6n|uU
斬る,きる,"참수하다, 살해하다",JLPT JLPT_2,npLP+:S/ui
気を付ける,きをつける,조심하다,JLPT JLPT_2,KJo;WsH_ui
琴,きん,고토(13현 일본 전통 악기),JLPT JLPT_2,ze/Aoh1sN#
金魚,きんぎょ,금붕어,JLPT JLPT_2,f4r;e>P:iY
クーラー,クーラー,에어컨,JLPT JLPT_2,m[g>=z]wN/
区域,くいき,구역,JLPT JLPT_2,fYQq7`cNuc
空～,くう～,하늘,JLPT JLPT_2,A&!JE@t/D3
偶数,ぐうすう,짝수,JLPT JLPT_2,"iw7<JlzmC,"
空想,くうそう,공상,JLPT JLPT_2,H5ov7CW8[y
空中,くうちゅう,공중,JLPT JLPT_2,A;^pVv^)~a
釘,くぎ,못,JLPT JLPT_2,Gb>Lz*bq3+
区切る,くぎる,끊다,JLPT JLPT_2,s|j=prYd&B
櫛,くし,머리빗,JLPT JLPT_2,dzg}!o26=)
くしゃみ,くしゃみ,재채기,JLPT JLPT_2,jgl;4q1>wE
苦情,くじょう,"불만, 불평",JLPT JLPT_2,"GDdlB.2)],"
苦心,くしん,고심,JLPT JLPT_2,scKS9[]M|w
屑,くず,"쓰레기, 부스러기",JLPT JLPT_2,BqN1|GlY;b
崩す,くずす,"부서뜨리다, 부서트리다",JLPT JLPT_2,m%M5UejA$^
薬指,くすりゆび,약지,JLPT JLPT_2,lPy;T<L~6G
崩れる,くずれる,뭉그러지다,JLPT JLPT_2,cC8vUqHlPz
砕く,くだく,부수다,JLPT JLPT_2,wiAgy$Rvgg
砕ける,くだける,"부서지다, 깨지다",JLPT JLPT_2,I_dH|P3phU
くたびれる,くたびれる,까부라지다,JLPT JLPT_2,G(IR)z:5pO
くだらない,くだらない,너절하다,JLPT JLPT_2,"A~U,=Hx4eT"
下る,くだる,내려가다,JLPT JLPT_2,x;r#pjjP.D
唇,くちびる,입술,JLPT JLPT_2,Ojx~b|>9H|
口紅,くちべに,립스틱,JLPT JLPT_2,tS@_TWWY!2
くっつく,くっつく,"붙다, 달라붙다",JLPT JLPT_2,oS}[QfJCGM
くっつける,くっつける,부착하다,JLPT JLPT_2,oyj+vcm-!3
くどい,くどい,텁텁하다,JLPT JLPT_2,"hrEZ=;H,}N"
句読点,くとうてん,구두점,JLPT JLPT_2,l-RV08NZgs
配る,くばる,돌리다,JLPT JLPT_2,lXb3hdtDlZ
工夫,くふう,"궁리, 고안",JLPT JLPT_2,H+)pz^uf{J
区分,くぶん,구분,JLPT JLPT_2,F<dg-k3#W>
組合せ,くみあわせ,조합,JLPT JLPT_2,Bg89BEb&%-
組み立てる,くみたてる,조립하다,JLPT JLPT_2,v|l>4TT$)t
悔やむ,くやむ,뉘우치다,JLPT JLPT_2 Intermediate_Japanese Intermediate_Japanese_Ln.11,H!N`qFr_#7
クリーニング,クリーニング,세탁,JLPT JLPT_2,i[]|N=O%MV
くるむ,くるむ,"감싸다, 싸다",JLPT JLPT_2,"BR}5xbe,nI"
くれぐれも,くれぐれも,부디,JLPT JLPT_2,Fa/6^Kk;|O
郡,ぐん,군,JLPT JLPT_2,bbr::y1BwQ
稽古,けいこ,"연습, 수련",JLPT JLPT_2,j8X.KY|=u:
敬語,けいご,존대어,JLPT Intermediate_Japanese Genki_Ln.19 JLPT_2 Intermediate_Japanese_Ln.13 Genki,yjE)OYPe3Q
蛍光灯,けいこうとう,형광등,JLPT JLPT_2,"QTW-;W~W,r"
形式,けいしき,형식,JLPT JLPT_2,Ab_)N~*$PV
継続,けいぞく,계속,JLPT JLPT_2,CaHy~Z7JH4
毛糸,けいと,"털, 털실",JLPT JLPT_2,Gb?267tT>>
経度,けいど,경도,JLPT JLPT_2,Av7~pbz~Hq
系統,けいとう,계통,JLPT JLPT_2,Q-55n75c-r
芸能,げいのう,연예,JLPT JLPT_2,f.Hh_!4j.)
競馬,けいば,경마,JLPT JLPT_2,n:NmLS-y><
警備,けいび,경비,JLPT JLPT_2,G/A=@_E]L]
形容詞,けいようし,형용사,JLPT JLPT_2,cL`y[jUOq<
形容動詞,けいようどうし,형용동사,JLPT JLPT_2,uV+nfBdxmh
外科,げか,외과,JLPT JLPT_2,E>G.GzTwL/
毛皮,けがわ,털가죽,JLPT JLPT_2,c{EG;%-8)#
激増,げきぞう,격증,JLPT JLPT_2,yz;Sw2]1o2
下車,げしゃ,하차,JLPT JLPT_2,s3V^Z_7&3=
下旬,げじゅん,하순,JLPT JLPT_2,ydXtTo$/3C
下水,げすい,시궁창,JLPT JLPT_2,kv>S4!V~UF
削る,けずる,"삭감하다, 후리다",JLPT JLPT_2,"b>,#]bkBBs"
桁,けた,"자리, 자릿수",JLPT JLPT_2,h3Lj0KDxA;
下駄,げた,게타(일본식 나막신),JLPT JLPT_2,Lsi@O2Lyg^
血圧,けつあつ,혈압,JLPT JLPT_2,gAl*9Gbi)S
月給,げっきゅう,월급,JLPT JLPT_2,HF>n5v#}UC
傑作,けっさく,걸작,JLPT JLPT_2,Cv}k6t8gW-
月末,げつまつ,월말,JLPT JLPT_2,yG[@;%)^%!
気配,けはい,기색,JLPT JLPT_2,vEl!:!Y]<7
下品,げひん,저속,JLPT JLPT_2,Mu42*K8+!p
下品(な),げひん(な),저속한,JLPT JLPT_2,OV!SBP%Y;}
煙い,けむい,맵다,JLPT JLPT_2,jZ9K)#wLUe
険しい,けわしい,가파르다,JLPT JLPT_2,sL2hQ27Y;>
現～,げん～,현,JLPT JLPT_2,j5m@yw%F5s
見学,けんがく,견학,JLPT JLPT_2,AGWPud)jCW
謙虚,けんきょ,겸허,JLPT JLPT_2,dX|trSe.K0
原稿,げんこう,원고,JLPT JLPT_2,tF(k44d8V3
原産,げんさん,원산지,JLPT JLPT_2,oEB|tzMZJ~
原始,げんし,원시,JLPT JLPT_2,omD?4Zjs@O
研修,けんしゅう,연수,JLPT JLPT_2,GG4]qYN81r
厳重,げんじゅう,엄중,JLPT JLPT_2,v!xFiav6KX
謙遜,けんそん,겸손,JLPT JLPT_2,<K5$n`CYI
県庁,けんちょう,현청,JLPT JLPT_2,zvZL32PgqO
限度,げんど,한도,JLPT JLPT_2,JA`c9FaS}R
現に,げんに,"실제로, 정말로",JLPT JLPT_2,"u,j=UO^+?,"
顕微鏡,けんびきょう,현미경,JLPT JLPT_2,sxMC{StEnT
懸命,けんめい,힘을 다해서 열심히 하는 것,JLPT JLPT_2,q]z=kgzWuF
原理,げんり,원리,JLPT JLPT_2,k&wukQ5nce
原料,げんりょう,원료,JLPT JLPT_2,c@Y5nO/W2_
碁,ご,바둑,JLPT JLPT_2,rtF@zQN<F]
小～,こ～,"알-, 쪽-",JLPT JLPT_2,nc*Pi>[z&(
コース,コース,"코스, 진로",JLPT JLPT_2,oysa|(e$-M
コーラス,コーラス,합창,JLPT JLPT_2,Humxyi-3mI
恋しい,こいしい,사랑스럽다,JLPT JLPT_2,B6>l>%o=|:
高～,こう～,고,JLPT JLPT_2,D00VmIU)t|
工員,こういん,공원,JLPT JLPT_2,vkV[De+:pH
強引,ごういん,"강압적, 억지스러움",JLPT JLPT_2,sKp0o2A:hc
公害,こうがい,공해,JLPT JLPT_2,QpY.UtLIJ[
高級,こうきゅう,고급,Intermediate_Japanese_Ln.6 JLPT_2 JLPT Intermediate_Japanese,ft;T5?9HzM
公共,こうきょう,공공,JLPT JLPT_2,sgv0$[#74*
工芸,こうげい,공예,JLPT JLPT_2,Bwh|-zOd@t
孝行,こうこう,효행,JLPT JLPT_2,qZRbxu/C>i
交差,こうさ,교차,JLPT JLPT_2,"fDo8@&J]V,"
講師,こうし,강사,JLPT_2 JLPT Intermediate_Japanese_Ln.15 Intermediate_Japanese,zd6hLYf74N
工事,こうじ,공사,JLPT JLPT_2,I]-Fc)+f`5
公式,こうしき,공식,JLPT JLPT_2,"nVcCuyV_X,"
口実,こうじつ,핑계,JLPT JLPT_2,f`zk^AisY[
こうして,こうして,"이렇게, 이것과 함께",JLPT JLPT_2,ur#5.<4sqd
校舎,こうしゃ,교사,JLPT JLPT_2,bX%cC*?a1%
公衆,こうしゅう,공중,JLPT JLPT_2,bE}u4]$3>(
香水,こうすい,향수,JLPT JLPT_2,o.:4b?]N+f
公正,こうせい,공정,JLPT JLPT_2,N@!)sH2_75
功績,こうせき,공적,JLPT JLPT_2,OI:=[B.(~f
光線,こうせん,광선,JLPT JLPT_2,ter3YDX-e<
高層,こうそう,고층,JLPT JLPT_2,AyG~sZay?6
構造,こうぞう,구조,JLPT JLPT_2,hQ&6u.oz?k
交替,こうたい,교체,JLPT JLPT_2,MK%iQJeoa*
交代,こうたい,교대,JLPT JLPT_2,f~GJ18sE+w
耕地,こうち,경작지,JLPT JLPT_2,k*|BtPi.!l
交通機関,こうつうきかん,"교통 기관, 교통수단",JLPT JLPT_2,uNV6#=3}0=
校庭,こうてい,교정,JLPT JLPT_2,w[Wu+:]Zss
肯定,こうてい,긍정,JLPT JLPT_2,oZ3[Bf(H{{
高度,こうど,고도,JLPT JLPT_2,CQAS#*&&=/
高等,こうとう,고등,JLPT JLPT_2,dbk]Zc:3rz
合同,ごうどう,합동,JLPT JLPT_2,c!+-6kS6~S
高等学校,こうとうがっこう,고등학교,JLPT JLPT_2,k>`;igc0Pv
公表,こうひょう,공표,JLPT JLPT_2,Frp(j`FqPK
鉱物,こうぶつ,광물,JLPT JLPT_2,"g7V_q,WB=T"
公務,こうむ,공무,JLPT JLPT_2,ph__$$f`>`
項目,こうもく,조목,JLPT JLPT_2,IR)]Uw=>ew
紅葉,こうよう,단풍나무,Intermediate_Japanese_Ln.4 JLPT JLPT_2 Intermediate_Japanese,QVPJ]RT}3i
こうよう もみじ,こうよう もみじ,"단풍, 단풍나무",JLPT JLPT_2,jyNUL2Cq@*
合理,ごうり,합리,JLPT JLPT_2,i7M&H:#flC
交流,こうりゅう,교류,JLPT JLPT_2,QGlx1yaY72
合流,ごうりゅう,합류,JLPT JLPT_2,FQa#d;SBEZ
効力,こうりょく,"효력, 힘",JLPT JLPT_2,m[c_>TpG7t
焦がす,こがす,눌리다,JLPT JLPT_2,DR^K9TVHMB
国王,こくおう,국왕,JLPT JLPT_2,CA0:(YU5WC
こくせき,こくせき,국적,JLPT JLPT_2,Ew(}`1|Q5L
国立,こくりつ,국립,JLPT JLPT_2,n0&v0]`V#?
ご苦労様,ごくろうさま,수고하셨습니다,JLPT JLPT_2,t%p^_:OJ|i
焦げる,こげる,눋다,JLPT JLPT_2,inwlPXnA$z
凍える,こごえる,얼다,JLPT JLPT_2,L+KY/9pga6
心当たり,こころあたり,"짐작 가는 데, 아는 바",JLPT JLPT_2,d$_UA7~;A}
心得る,こころえる,"이해하다, 숙지하다",JLPT JLPT_2,nby@b2~VRE
腰掛け,こしかけ,"의자, 걸상",JLPT JLPT_2,B.?hce;|M.
腰掛,こしかけ,"좌석, 벤치",JLPT JLPT_2,E&fvprgdQl
腰掛ける,こしかける,걸터앉다,JLPT JLPT_2,C/%Q;o7b11
五十音,ごじゅうおん,오십음도,JLPT JLPT_2,jxVh59#|-M
こしらえる,こしらえる,"만들다, 제조하다",JLPT JLPT_2,i-3W|?L%O1
擦る,こする,문지르다,JLPT JLPT_2,P#|X3kVk2a
個体,こたい,개체,JLPT JLPT_2,K@FOqw]g/=
ごちそうさま,ごちそうさま,식사 직후의 인사말,JLPT JLPT_2,Jul:^;Dy``
こちらこそ,こちらこそ,저야말로,JLPT JLPT_2,B-I}wWoF~[
小遣い,こづかい,주머닛돈,JLPT JLPT_2,Mi}UDGGnPb
コック,コック,조리사,JLPT JLPT_2,IM?]qPl^[d
こっそり,こっそり,몰래,JLPT JLPT_2,o.yZt_~llY
古典,こてん,고전,JLPT JLPT_2,"o,g/8g3=5w"
言付ける,ことづける,메시지를 남기다,JLPT JLPT_2,kGvj%:f4#<
言葉遣い,ことばづかい,말씨,JLPT JLPT_2,I8U([];a3j
こないだ,こないだ,요전,JLPT JLPT_2,JgsjMc&2iB
御無沙汰,ごぶさた,오래 연락하지 못함,JLPT JLPT_2,h*n>sYK!3z
ゴム,ゴム,고무,JLPT JLPT_2,oFg|-D}k2~
御免,ごめん,미안함; 사양함,JLPT JLPT_2,o2=%ufIq+G
ごめんください,ごめんください,이리 오너라,JLPT JLPT_2,guZ7b6UJ;s
小指,こゆび,새끼손가락,JLPT JLPT_2,l.YopEDJ!I
堪える,こらえる,"배기다, 버티다",JLPT JLPT_2,hM1GeQIR^s
娯楽,ごらく,오락,JLPT JLPT_2,tFNg*5LjGq
御覧,ごらん,"보심, 보세요",JLPT JLPT_2,pLv<:y@zpf
コレクション,コレクション,수집,JLPT JLPT_2,H}>p%NJ>aq
転がす,ころがす,굴리다,JLPT JLPT_2,d5Iyiq5t}5
転がる,ころがる,"나동그라지다, 나둥그러지다",JLPT JLPT_2,u0s)#a{$F&
紺,こん,감색,JLPT JLPT_2 Intermediate_Japanese_Ln.9 Intermediate_Japanese,P;kAa8K;qq
今～,こん～,지금,JLPT JLPT_2,"lXSg,J@v4n"
コンクール,コンクール,콩쿠르,JLPT JLPT_2,O:S`(}<v)K
コンクリート,コンクリート,콘크리트,JLPT JLPT_2,lEhN4;/BMM
混合,こんごう,혼합,JLPT JLPT_2,IMB+$DZG1H
コンセント,コンセント,"동의, 승낙, 승인, 찬성, 허가; (일본식 영어) 전원 등을 공급하기 위해서 가전제품 등의 전기 기구의 플러그를 꽂는 삽입구 중 조영재, 기기 등에 고정할 수 있는 것",JLPT JLPT_2,d{^OuMbhJw
献立,こんだて,메뉴,JLPT JLPT_2,Nuu_A~-?pe
こんばんは,こんばんは,안녕하세요. (저녁 인사),JLPT JLPT_2,lL0e]&K7U?
サークル,サークル,서클,JLPT JLPT_2,H[N:3J2F+>
再～,さい～,재-,JLPT JLPT_2,eK[KX|A&U*
最～,さい～,최-,JLPT JLPT_2,ry(m3m#pOU
在学,ざいがく,재학,JLPT JLPT_2,b)R1W8]IN[
再三,さいさん,재차,JLPT JLPT_2,yXL@E3-qW)
祭日,さいじつ,경축일,JLPT JLPT_2,Ol|U}K0|@/
催促,さいそく,"재촉, 채근",JLPT JLPT_2,w[uz5KW1#O
採点,さいてん,채점,JLPT JLPT_2,cf[<`dEms.
災難,さいなん,재앙,JLPT JLPT_2,t+<u_pEc%l
裁縫,さいほう,바느질,JLPT JLPT_2,l5uxjaa~([
材木,ざいもく,재목,JLPT JLPT_2,C^wcz[@i~I
サイレン,サイレン,사이렌,JLPT JLPT_2,GcBu%p~IY}
逆さ,さかさ,거꾸로,JLPT JLPT_2,Qv$@Ku&bq3
逆様,さかさま,거꾸로,JLPT JLPT_2,Kss4zt#UsY
捜す,さがす,뒤지다,JLPT JLPT_2,Id5DHZywm4
遡る,さかのぼる,거슬러 올라가다,JLPT JLPT_2,Eh_na+J@mx
酒場,さかば,"술집, 바",JLPT JLPT_2,5|=y]wzJ!
一昨昨日,さきおととい,그끄저께,JLPT JLPT_2,Gdz+)4!X77
先程,さきほど,아까,JLPT JLPT_2,olU114Wmm^
索引,さくいん,색인,JLPT JLPT_2,v|4{<K[((2
作者,さくしゃ,"작자, 지은이",JLPT JLPT_2,rc*1{`F2s[
削除,さくじょ,삭제,JLPT JLPT_2,w?HDbz0CK?
作成,さくせい,작성,JLPT JLPT_2,etM+H9CoJX
作製,さくせい,제작,JLPT JLPT_2,Dc+`_1Q;zM
探る,さぐる,살펴보다,JLPT JLPT_2,ez.n0eIW>4
囁く,ささやく,도란거리다,JLPT JLPT_2,k[yB!L/Yv(
刺さる,ささる,꽂히다,JLPT JLPT_2,di2BW%43-n
匙,さじ,"숟가락, 밥숟가락",JLPT JLPT_2,ggmZY%(nJ!
座敷,ざしき,"다다미방, 객실",JLPT JLPT_2,gHE$Jut%a_
差し支え,さしつかえ,지장,JLPT JLPT_2,qX^cb43pTg
差し引き,さしひき,"공제, 차감",JLPT_1 JLPT JLPT_2,"n;eVw.,_?J"
刺身,さしみ,생선회,JLPT JLPT_2,o-]lrw>z:B
刺す,さす,찌르다,JLPT JLPT_2,A0r!%n.b)E
流石,さすが,역시,JLPT JLPT_2,gcnvOm#<j9
撮影,さつえい,촬영,JLPT JLPT_2,G!OhK*g%$p
雑音,ざつおん,잡음,JLPT JLPT_2,o!*<keFQ(
さっさと,さっさと,빨랑빨랑,JLPT JLPT_2,s%v?jJ#PZ?
早速,さっそく,"바로, 바로바로",JLPT JLPT_2,rf6~4qt=M6
錆,さび,녹,JLPT JLPT_2,d#S^BY##3K
錆びる,さびる,녹슬다,JLPT JLPT_2,C(}#^wxuf~
座布団,ざぶとん,방석,JLPT JLPT_2,gUF`H{-)g*
妨げる,さまたげる,방해하다,JLPT JLPT_2,G7Hja9s=#I
さようなら,さようなら,"안녕히 가세요, 안녕",JLPT JLPT_2,C7QcXl{kSl
サラリーマン,サラリーマン,월급쟁이,Genki_Ln.17 JLPT JLPT_2 Genki,u[I9*22.YA
騒がしい,さわがしい,시끌벅적하다,JLPT JLPT_2,&bX;1oe0.
さわやか,さわやか,"신선한, 상쾌한",JLPT JLPT_2,b-&ZHIB(b]
三角,さんかく,삼각,JLPT JLPT_2,g[NvO}S(1/
算数,さんすう,산술,JLPT JLPT_2,Lv{*x9Ct]q
酸性,さんせい,산성,JLPT JLPT_2,#NAME?
産地,さんち,산지,JLPT JLPT_2,kpOhDuN0^l
サンプル,サンプル,"견본, 견본품",JLPT JLPT_2,qFsr;i5_z<
山林,さんりん,산림,JLPT JLPT_2,LBW4R6~{r}
シーズン,シーズン,시즌,JLPT JLPT_2,IARwo(E^_$
シーツ,シーツ,시트,JLPT JLPT_2,tb>Ty8@c:P
仕上がる,しあがる,마무리되다,JLPT JLPT_2,L*U(LWwN%j
明明後日,しあさって,글피,JLPT JLPT_2,p^=QyTJ7@c
寺院,じいん,사원,JLPT JLPT_2,w+~OO%V(dB
しいんと (する),しいんと (する),쥐 죽은 듯 조용히,JLPT JLPT_2,GmX&j]f:`Y
自衛,じえい,자기 방어,JLPT JLPT_2,Fd@~(E2C4&
塩辛,しおから,짠맛,JLPT JLPT_2,r[SoJ]i|V1
塩辛い,しおからい,"짜다, 짭짜름하다",JLPT JLPT_2,KK5?3S-Og)
司会,しかい,"사회, 진행자",JLPT JLPT_2,"gh[FPAuk7,"
しかく しかくい,しかく しかくい,"사각형, 네모",JLPT JLPT_2,cVBHdh5c]d
四角い,しかくい,네모반듯하다,JLPT JLPT_2,liXo^C-VTz
仕方がない,しかたがない,"부득이하다, 만부득이하다",JLPT JLPT_2,cRtc^s*^ci
時間割,じかんわり,시간표,JLPT JLPT_2,mSn8*?kmA+
四季,しき,사계절,JLPT JLPT_2,j=w0weSQi)
敷地,しきち,부지,JLPT JLPT_2,t=sgg6orFn
敷く,しく,깔다,JLPT JLPT_2,hY&B~>la@q
茂る,しげる,우거지다,JLPT JLPT_2,y~9GLud1<c
持参,じさん,지참,JLPT JLPT_2,uJOaLu{Ti(
磁石,じしゃく,자석,JLPT JLPT_2,e]r5-RFRmm
四捨五入,ししゃごにゅう,반올림,JLPT JLPT_2,w6=>W+1pkD
始終,しじゅう,내내,JLPT JLPT_2,HB8Y[u1tjN
自習,じしゅう,자습,JLPT JLPT_2 Intermediate_Japanese_Ln.13 Intermediate_Japanese,iZw[Yfn@{a
静まる,しずまる,가라앉다,JLPT JLPT_2,A~fP.]oCg-
姿勢,しせい,"태도, 자세",JLPT JLPT_2,lp[GD#kfJS
自然科学,しぜんかがく,자연 과학,JLPT JLPT_2,w27iZU{YJD
時速,じそく,시속,JLPT JLPT_2,q>FyJWeavm
子孫,しそん,자손,JLPT JLPT_2,egUI-y7^J$
死体,したい,시체,JLPT JLPT_2,O;LU1cw%r-
下書き,したがき,초안,JLPT JLPT_2,y{OC~2tpj{
自宅,じたく,자택,Intermediate_Japanese_Ln.5 JLPT JLPT_2 Intermediate_Japanese,y~_1oOR=)i
下町,したまち,"서민가, 구시가지",JLPT JLPT_2,tyOH?ReUJ?
自治,じち,자치,JLPT JLPT_2,oaY@jv0[<m
室～,しつ～,실,JLPT JLPT_2,D1_T8l(@L#
実感,じっかん,실감,JLPT JLPT_2,wrZR3pRs]d
湿気,しっき,습기,JLPT JLPT_2,"E,5F1zc&nb"
しつこい,しつこい,"끈질긴, 완고한",JLPT JLPT_2,cl$L-`(2=_
実習,じっしゅう,실습,JLPT JLPT_2,Q?<8X`Y6`0
実績,じっせき,실적,JLPT JLPT_2,PTJ&0rneJs
湿度,しつど,습도,JLPT JLPT_2,i$wXV&h<e~
執筆,しっぴつ,글쓰기,JLPT JLPT_2,d&KI~[gCB*
実物,じつぶつ,실물,Intermediate_Japanese_Ln.6 JLPT_2 JLPT Intermediate_Japanese,fJhH*-i=?2
しっぽ,しっぽ,꼬리,JLPT JLPT_2,p%JPLRsrQ5
実用,じつよう,실용,JLPT JLPT_2,P$.|MnAuqw
実力,じつりょく,실력,JLPT JLPT_2,N8N^f(x7A}
実例,じつれい,실례,JLPT JLPT_2,ewdd$MkDp/
しつれいしました (かん),しつれいしました (かん),실례합니다. 죄송합니다.,JLPT JLPT_2,x&i%T@U%I?
失恋,しつれん,실연,JLPT JLPT_2,HeXichFW(h
指定,してい,지정,JLPT JLPT_2,LeO/O}WHQF
私鉄,してつ,"사유 철도, 민영 철도",JLPT JLPT_2,c~zLGStXx;
児童,じどう,어린이,JLPT JLPT_2,"e,|tEbv]Zq"
縛る,しばる,묶다,JLPT JLPT_2,u<vp]tuxC:
地盤,じばん,지반,JLPT JLPT_2,"w,S*6c4+}g"
しびれる,しびれる,"저리다, 마비되다",JLPT JLPT_2,fFBvw=J;Al
紙幣,しへい,지폐,JLPT JLPT_2,"OV<,Z6HPYF"
しぼむ,しぼむ,"시들다, 오므라들다",JLPT JLPT_2,rQV|ihDTH/
萎む,しぼむ,"오므라들다, 쪼그라들다",JLPT JLPT_2,nNiS0>eZP6
絞る,しぼる,쥐어짜다,JLPT JLPT_2,H^H!^blNEc
縞,しま,줄무늬,JLPT JLPT_2,O7bnFhR1.s
地味,じみ,수수함,JLPT JLPT_2,LT>0so`a$T
しみじみ,しみじみ,"절실히, 곰곰이",JLPT JLPT_2,e8*+SqN?3E
氏名,しめい,"성명, 이름",JLPT JLPT_2,i423XMuGh3
締切,しめきり,마감; 마감 날짜,JLPT JLPT_2 Intermediate_Japanese Intermediate_Japanese_Ln.3,L=ve:1mZw7
締め切り,しめきり,마감,JLPT JLPT_2,Md1`kIU$)u
締め切る,しめきる,마감하다,JLPT JLPT_2,G!n|7FGUeD
しめた (かん),しめた (かん),"됐다!, 잘됐다!",JLPT JLPT_2,"zl!oUL,zds"
しめる,しめる,"축축해지다, 눅눅해지다, 우울해지다",JLPT JLPT_2,B-RIGx{n6t
地面,じめん,"땅, 맨땅",JLPT JLPT_2,sKB=F~Okr&
ジャーナリスト,ジャーナリスト,언론인,JLPT JLPT_2,"J*kn.#JF,]"
社会科学,しゃかいかがく,사회 과학,JLPT JLPT_2,k09..p/K:$
しゃがむ,しゃがむ,쭈그리다,JLPT JLPT_2,oIYnDS)YJi
蛇口,じゃぐち,수도꼭지,JLPT JLPT_2,zRkqq!QHkN
弱点,じゃくてん,허점,JLPT JLPT_2,H/[LFJ:IvA
車庫,しゃこ,"차고, 차고지",JLPT JLPT_2,lE^9nzt^2-
車掌,しゃしょう,차장,JLPT JLPT_2,b.n4^BFEbO
写生,しゃせい,"사생, 실물 스케치",JLPT JLPT_2,C+dKrz0lC&
社説,しゃせつ,사설,JLPT JLPT_2,OPZsh9XL6-
しゃっくり,しゃっくり,딸꾹질,JLPT JLPT_2,yp$Z>Vh|zo
シャッター,シャッター,셔터,JLPT JLPT_2,KMNzQgzh26
しゃぶる,しゃぶる,빨다,JLPT JLPT_2,yZO~f#ZDsc
車輪,しゃりん,바퀴,JLPT JLPT_2,w^RM.{Q-65
洒落,しゃれ,"우스갯말, 우스갯소리",JLPT JLPT_2,FiN|9?=c;o
じゃんけん,じゃんけん,가위바위보,JLPT JLPT_2,"r[@>bl*,N."
重～,じゅう～,중-,JLPT JLPT_2,"j{}Q,b8AUe"
集会,しゅうかい,집회,JLPT JLPT_2,FB%)C]f(i:
住居,じゅうきょ,주택,JLPT JLPT_2,dv!To}OFLp
集金,しゅうきん,수금,JLPT JLPT_2,vqI&vRYrZz
集合,しゅうごう,집합,JLPT JLPT_2,QQkx-.?$px
習字,しゅうじ,"습자, 붓글씨 연습",JLPT JLPT_2,DHN{BIzy9J
修繕,しゅうぜん,수선,JLPT JLPT_2,8Hn$K(/y&
重体,じゅうたい,중태,JLPT JLPT_2,eGoKd/:^C0
じゅうたん (カーペット),じゅうたん (カーペット),카펫,JLPT JLPT_2,wuSQ.Es4!<
終点,しゅうてん,종점,JLPT JLPT_2,yoA+}ku9{T
重点,じゅうてん,중점,JLPT JLPT_2,m03VNo)9t$
就任,しゅうにん,취임,JLPT JLPT_2,HtcOE.Q|y4
周辺,しゅうへん,주변,JLPT JLPT_2,hN?qSe;l/I
重役,じゅうやく,중역,JLPT JLPT_2,nHZ3{$.oV6
終了,しゅうりょう,종료,JLPT_1 JLPT JLPT_2,bv?qBa-JLm
重量,じゅうりょう,중량,JLPT JLPT_2,L@e.0E4LTG
重力,じゅうりょく,중력,JLPT JLPT_2,p;B+5;@b>T
熟語,じゅくご,숙어,JLPT JLPT_2,JfoRe)yOPp
祝日,しゅくじつ,경축일,JLPT JLPT_2,k6tGq~h4+p
縮小,しゅくしょう,축소,JLPT JLPT_2,A;W|R`P$FY
受験,じゅけん,수험,JLPT JLPT_2,h]:z)|nWsb
主語,しゅご,주어,JLPT JLPT_2,E2f>S=Qsi$
主人,しゅじん,남편,JLPT JLPT_2 Intermediate_Japanese_Ln.9 Intermediate_Japanese,y0Vh0}pH&D
出勤,しゅっきん,출근,JLPT JLPT_2,j_B5AK}^J!
述語,じゅつご,술어,JLPT JLPT_2,"rBV;MM,_Ui"
出張,しゅっちょう,출장,JLPT Intermediate_Japanese Genki_Ln.19 JLPT_2 Intermediate_Japanese_Ln.10 Genki,QbLl4<fBGE
寿命,じゅみょう,"명줄, 생명",JLPT JLPT_2,ip@RR(6Q)w
主役,しゅやく,"주역, 주인공",JLPT JLPT_2,AAvA2F|qmF
受話器,じゅわき,"수화기, 송수화기",JLPT JLPT_2,jRLR$b=wEf
循環,じゅんかん,순환,JLPT JLPT_2,z/Jjqic)yW
巡査,じゅんさ,경찰관,JLPT JLPT_2,mWfGm:/O]=
順々,じゅんじゅん,차례차례,JLPT JLPT_2,lO7^4=~T>J
順序,じゅんじょ,순서,JLPT JLPT_2,q=^2QGGaA
純情,じゅんじょう,순정,JLPT JLPT_2,C6E@oxfT>)
純粋,じゅんすい,순진,JLPT JLPT_2,x2gLnGo0Hy
初～,しょ～,"첫~, 처음의 ~",JLPT JLPT_2,Ni+{r7rs24
諸～,しょ～,제,JLPT JLPT_2,Q5kl8(<^]h
女～,じょ～,여-,JLPT JLPT_2,LhI(13lT>E
省～,しょう～,성(정부부서),JLPT JLPT_2,im>V5<%2Jx
消化,しょうか,소화,JLPT JLPT_2,C#pz<pJ<eo
小学生,しょうがくせい,"초등생, 국민학생",JLPT JLPT_2,GKx{~(QY^<
しょうがない,しょうがない,어쩔 수 없다,JLPT JLPT_2,H;w)!q6QIW
将棋,しょうぎ,장기,JLPT JLPT_2,o>-[BTOgMu
蒸気,じょうき,증기,JLPT JLPT_2,yr+:#u3w]#
定規,じょうぎ,자,JLPT JLPT_2,y8|>I<):Fb
上級,じょうきゅう,상급,JLPT JLPT_2,E]<)eitS5v
商業,しょうぎょう,상업,JLPT JLPT_2 Intermediate_Japanese_Ln.10 Intermediate_Japanese,tBxA`{EGUT
消極的,しょうきょくてき,소극적,JLPT JLPT_2,D7|$-Q)w)~
賞金,しょうきん,상금,JLPT JLPT_2,h7834at`:k
上下,じょうげ,위아래,JLPT JLPT_2,o_^4=W.VM#
障子,しょうじ,쇼지(종이 미닫이문),JLPT JLPT_2,M[TE$UVbid
商社,しょうしゃ,무역 회사,JLPT JLPT_2,J/lSCUTs~[
乗車,じょうしゃ,승차,JLPT JLPT_2,Nw+J{<dSau
上旬,じょうじゅん,초순,JLPT JLPT_2,h))LgN=I.e
小数,しょうすう,소수,JLPT JLPT_2,z:q}dc<I:s
生ずる,しょうずる,생기다,JLPT JLPT_2,"vg9e=r3Tl,"
商店,しょうてん,업소,JLPT JLPT_2,glT|Kxp]>$
焦点,しょうてん,초점,JLPT JLPT_2,wHjNiqCz}x
消毒,しょうどく,소독,JLPT JLPT_2,xo2iz}Ug@`
勝敗,しょうはい,승패,JLPT JLPT_2,BU<_6fBUh}
蒸発,じょうはつ,증발,JLPT JLPT_2,lr6Aj]|}(-
賞品,しょうひん,상품,JLPT JLPT_2,M}I~*8Gv<&
上品,じょうひん,"세련된, 우아한, 예의 바른",JLPT JLPT_2,M|bWva`I=w
勝負,しょうぶ,승부,JLPT JLPT_2,gj|IO4h=q;
小便,しょうべん,소변,JLPT JLPT_2,"bK|,0ua1Dl"
消防署,しょうぼうしょ,소방서,JLPT JLPT_2,FRL.hg2R`~
正味,しょうみ,"순수량, 실질",JLPT JLPT_2,E)H$Zvk^B:
正面,しょうめん,정면,JLPT JLPT_2,gfh>dfSUZU
消耗,しょうもう,소모,JLPT JLPT_2,k}G5Ve])50
省略,しょうりゃく,생략,JLPT JLPT_2,jp1y&-#kyn
初級,しょきゅう,초급,JLPT JLPT_2,s5Nz5KFo?B
助教授,じょきょうじゅ,조교수,JLPT JLPT_2,C@A-m!z]Kq
食塩,しょくえん,식염,JLPT JLPT_2,Hp0g>KLWj/
職人,しょくにん,장인,JLPT JLPT_2,"tJH,8Q27Qt"
職場,しょくば,직장,JLPT JLPT_2,P&{;#KVmG&
初旬,しょじゅん,초순,JLPT JLPT_2,jZertmVDFe
書籍,しょせき,서적,JLPT JLPT_2,Bf)uYlO=AT
食器,しょっき,식기,JLPT JLPT_2,iPV[H=Yj`[
ショップ,ショップ,가게,JLPT JLPT_2,A=dH=_y-%Q
書店,しょてん,서점,JLPT JLPT_2,s4qIEN6Bk}
書道,しょどう,서예,JLPT JLPT_2,f:%5][vkAc
初歩,しょほ,"요소, 기초",JLPT JLPT_2,wZ7G?ntb5}
白髪,しらが,흰머리,JLPT JLPT_2,uxCiljm@9n
シリーズ,シリーズ,시리즈,JLPT JLPT_2,DA5W7`%j#(
知り合い,しりあい,지인,JLPT JLPT_2,eY^k(4N>1-
私立,しりつ,사립,JLPT_2 JLPT Intermediate_Japanese_Ln.7 Intermediate_Japanese,brR|}=<!Bd
資料,しりょう,자료,JLPT JLPT_2,C&tPzTV2wQ
汁,しる,"탕, 즙",JLPT JLPT_2,y647aHlaUn
素人,しろうと,아마추어,JLPT JLPT_2 Intermediate_Japanese_Ln.12 Intermediate_Japanese,dWPWBG[+:j
しわ (かおの～),しわ (かおの～),"주름, 접힌 자국",JLPT JLPT_2,Jk5.8cDx8n
芯,しん,심지,JLPT JLPT_2,B=cR}zPm:}
新幹線,しんかんせん,신간선. 신칸센,JLPT Intermediate_Japanese JLPT_2 Genki_Ln.9 Intermediate_Japanese_Ln.10 Genki,pM-.4/Ue$w
真空,しんくう,진공,JLPT JLPT_2,tIYBRvP|M5
人事,じんじ,인사,JLPT JLPT_2,J+x/%Fy483
心身,しんしん,심신,JLPT JLPT_2,H#/ONp0lez
信ずる,しんずる,믿다,JLPT JLPT_2,BQ&<yiF@u2
申請,しんせい,신청,JLPT JLPT_2,M*(J<<s/@8
人造,じんぞう,인조,JLPT JLPT_2,v2{nYsGU&z
寝台,しんだい,침대,JLPT JLPT_2,qO9j3@Hghp
診断,しんだん,진단,JLPT JLPT_2,g+wZt;=B>k
侵入,しんにゅう,침입,JLPT JLPT_2,H1b.p!HN7#
人文科学,じんぶんかがく,인문 과학,JLPT JLPT_2,g+ud_9CPby
人命,じんめい,(인간) 생명,JLPT JLPT_2,Q6U(4ZXO=G
深夜,しんや,심야,JLPT JLPT_2,"u,9r~:<(rE"
森林,しんりん,삼림,JLPT JLPT_2,BVfTI:K.BL
親類,しんるい,친척,JLPT Intermediate_Japanese JLPT_2 Intermediate_Japanese_Ln.8 Intermediate_Japanese_Ln.9,lfd[d~BlbI
針路,しんろ,"진로, 항로",JLPT JLPT_2,xt6+*3Xb17
神話,しんわ,신화,JLPT JLPT_2,gbqw2%E-oa
酢,す,식초,JLPT JLPT_2,S|>MWw8{x
水産,すいさん,수산,JLPT JLPT_2,c#54iPiGrb
炊事,すいじ,취사,JLPT JLPT_2,"xKch,yK?.P"
水蒸気,すいじょうき,수증기,JLPT JLPT_2,k8jAO*|}~5
水素,すいそ,수소,JLPT JLPT_2,i73L7}gO>6
垂直,すいちょく,수직,JLPT JLPT_2,G8}j61|h6T
推定,すいてい,추정,JLPT JLPT_2,jp6vOFS{a6
水滴,すいてき,물방울,JLPT JLPT_2,y}Hrc9&%7j
水筒,すいとう,"물통, 플라스크, 물병",JLPT JLPT_2,mJ90J(~1k%
随筆,ずいひつ,에세이,JLPT JLPT_2,h4p6ekF;42
水分,すいぶん,수분,JLPT JLPT_2,qq@<XjC)__
水平,すいへい,수평,JLPT JLPT_2,Kn`n)IG{Ta
水平線,すいへいせん,수평선,JLPT JLPT_2,Ej.liCGYdk
水面,すいめん,수면,JLPT JLPT_2,iZ{|=]VK5.
水曜,すいよう,수,JLPT JLPT_2,qI=LNhp+4=
図々しい,ずうずうしい,"뻔뻔스러운, 파렴치한",JLPT JLPT_2,"w{41{qX1P,"
ずうっと,ずうっと,죽,JLPT JLPT_2,xL3QlTnk>6
末っ子,すえっこ,막내,JLPT JLPT_2,q2H?txJ(gz
スカーフ,スカーフ,스카프,JLPT JLPT_2,QEu2m9Dj{V
図鑑,ずかん,도감,JLPT JLPT_2,"i,){||O+QG"
隙,すき,"틈, 틈새",JLPT JLPT_2,FIQY`SsGB6
杉,すぎ,삼나무,JLPT JLPT_2,j[):R@cYZf
好き嫌い,すききらい,먹성,JLPT JLPT_2,E7nO8cj@J.
好き好き,すきずき,각자의 취향,JLPT JLPT_2,LjV{PzjM5W
透き通る,すきとおる,"투명해지다, 맑게 비치다",JLPT JLPT_2,mdCfr_&Mjk
隙間,すきま,"간극, 빈틈",JLPT JLPT_2,"hLO,M-m.c?"
スクール,スクール,학교,JLPT JLPT_2,cGFe.>Ak]k
少なくとも,すくなくとも,적어도,JLPT JLPT_2,I6Xp`pMQBV
図形,ずけい,도형,JLPT JLPT_2,q~#`u[+ICl
鈴,すず,방울,JLPT JLPT_2,sPf>sM2#u
涼む,すずむ,더위를 식히다,JLPT JLPT_2,z:IPAXSnoW
スタート,スタート,시작,JLPT JLPT_2,lWJWm$Sh_7
スチュワーデス,スチュワーデス,스튜어디스,JLPT JLPT_2,z4fbmz3-}|
すっきり,すっきり,깨끗이,JLPT JLPT_2,u=7m1&|4_G
ステージ,ステージ,무대,JLPT JLPT_2,dC1~iTR.Y
ストッキング,ストッキング,스타킹,JLPT JLPT_2,B5:XuLvrca
ストップ,ストップ,"정지, 멈춤",JLPT JLPT_2,nVeh3~p35:
素直,すなお,"정직한, 믿음직한, 성실한, 똑바른, 솔직한",JLPT JLPT_2,t*v$gPIE?7
頭脳,ずのう,두뇌,JLPT JLPT_2,u_@7V}[&9>
スピーカー,スピーカー,스피커,JLPT JLPT_2,ts:JB-[YU5
図表,ずひょう,도표,JLPT JLPT_2,i|<`t3f+@>
スマート,スマート,"세련된, 날씬한",JLPT JLPT_2,"L^]Yw(t($,"
住まい,すまい,살림집,JLPT JLPT_2,D9Irez.shi
すまない,すまない,미안해 (구),JLPT JLPT_2,jcLXE?s?-j
相撲,すもう,스모,JLPT_2 JLPT Intermediate_Japanese_Ln.7 Intermediate_Japanese,td=~dzQi/B
スライド,スライド,슬라이드,JLPT JLPT_2,Cslvy][TeB
ずらす,ずらす,물리다,JLPT JLPT_2,gJl7<m:4pb
ずらり,ずらり,"일렬로, 나란히",JLPT JLPT_2,AgA!P|w]$E
スリッパ,スリッパ,슬리퍼,JLPT JLPT_2,JKtWp2C{b`
する,する,-하다,JLPT JLPT_2,b`9v+PM9Iw
狡い,ずるい,앙큼하다,JLPT JLPT_2,Sm-F;a3H
寸法,すんぽう,치수,JLPT JLPT_2,A^SC?nUAcd
姓,せい,성,JLPT JLPT_2,"sO,Mg|Q.hG"
税関,ぜいかん,세관,JLPT JLPT_2,Hdo?H|g?N-
製作,せいさく,제작,JLPT JLPT_2,"Hd33,!(oye"
制作,せいさく,제작,JLPT JLPT_2,pSg&--.6FI
性質,せいしつ,성질,JLPT JLPT_2,E(70}4c-m*
清書,せいしょ,"정서, 깨끗이 베껴 씀",JLPT JLPT_2,GSG&]QQ!7S
青少年,せいしょうねん,청소년,JLPT JLPT_2,oKbcQZhJf7
整数,せいすう,정수,JLPT JLPT_2,BFz!&|OKKj
清掃,せいそう,청소,JLPT JLPT_2,eetChqGb=_
生存,せいぞん,생존,JLPT JLPT_2,tV]CHeber1
生長,せいちょう,생장,JLPT JLPT_2,s0(03oa~>J
政党,せいとう,정당,JLPT JLPT_2,P>9hhdscC!
生年月日,せいねんがっぴ,생년월일,JLPT JLPT_2,l/2yLDI$!q
性能,せいのう,성능,JLPT JLPT_2,zR:(P@rWk;
整備,せいび,정비,JLPT JLPT_2,dN1Ziz6*}J
成分,せいぶん,성분,JLPT JLPT_2,w)S(-qI7pB
性別,せいべつ,성별,JLPT JLPT_2,gR@>7DZ?XN
正方形,せいほうけい,정사각형,JLPT JLPT_2,y)<J<%Cv$W
正門,せいもん,정문,JLPT JLPT_2,u>U|#l*q{k
成立,せいりつ,성립,JLPT JLPT_2,z!=6/+)ChY
西暦,せいれき,서기,JLPT JLPT_2,x`#%RAey^1
背負う,せおう,지다,Intermediate_Japanese_Ln.14 JLPT_2 JLPT Intermediate_Japanese,o17[rZC/J[
赤道,せきどう,적도,JLPT JLPT_2,r2/#Bsz}<
折角,せっかく,일껏,JLPT JLPT_2,"dK?:fG/l-,"
接近,せっきん,접근,JLPT JLPT_2,K^7JJPIGCs
接する,せっする,접하다,JLPT_2 JLPT Intermediate_Japanese_Ln.15 Intermediate_Japanese,P=&0U%h+V.
せっせと,せっせと,꾸준히,JLPT JLPT_2,r%5r#-`-m]
接続,せつぞく,접속,JLPT JLPT_2,z>djSMK(A7
瀬戸物,せともの,사기,JLPT JLPT_2,PMP|wB-k4/
ぜひとも,ぜひとも,부디,JLPT JLPT_2,A3Jbimizm0
迫る,せまる,가까워지다,JLPT JLPT_2,dn?%4*`.$=
ゼミ,ゼミ,세미나,Intermediate_Japanese_Ln.5 JLPT JLPT_2 Intermediate_Japanese,lX$<5j-;VY
せめて,せめて,하다못해,JLPT JLPT_2,"qY`,)^Uzza"
攻める,せめる,공격하다,JLPT JLPT_2,j:1<3/Aj|u
セメント,セメント,시멘트,JLPT JLPT_2,gZo}Y#TRA.
台詞,せりふ,대사,JLPT JLPT_2,p!R4:?$J5a
栓,せん,병마개,JLPT JLPT_2,GIQJL!C!u[
前～,ぜん～,전,JLPT JLPT_2,uziw.|&}u]
前後,ぜんご,"앞뒤, 전후",JLPT JLPT_2,P60vZ%@rQX
洗剤,せんざい,세척제,JLPT JLPT_2,xPk5/(8H&C
全集,ぜんしゅう,전집,JLPT JLPT_2,B?uUGxee6}
全身,ぜんしん,전신,JLPT JLPT_2,edKjYQQik|
扇子,せんす,부채,JLPT JLPT_2 Genki_Ln.20 Genki,EF=fq2c-JO
専制,せんせい,전제,JLPT JLPT_2,OL%g_RLZ1k
先々月,せんせんげつ,지지난달,JLPT JLPT_2,"zJ$.J8%d%,"
先々週,せんせんしゅう,지지난주,JLPT JLPT_2,mB4QnlMrv3
先祖,せんぞ,조상,JLPT JLPT_2,F0U>k-OIq$
先端,せんたん,"첨단, 끝",JLPT JLPT_2,Q`_+]v?+=0
センチ,センチ,센티,JLPT JLPT_2,inl%VC*Led
宣伝,せんでん,선전,JLPT JLPT_2,G}7n;$pW3b
先頭,せんとう,"앞머리, 앞장",JLPT JLPT_2,h9$H7YGNw$
全般,ぜんぱん,전반,JLPT JLPT_2,KNd2446a(;
扇風機,せんぷうき,선풍기,JLPT JLPT_2,bRk!KDE*$7
洗面,せんめん,세수,JLPT JLPT_2,C?dX|!4c7/
全力,ぜんりょく,"총력, 전력",JLPT JLPT_2,j*AhcD}311
線路,せんろ,선로,JLPT JLPT_2,mq#-qSUuS*
総～,そう～,"총~, 전체의 ~",JLPT JLPT_2,cSEd3l5jK<
相違,そうい,차이,JLPT JLPT_2 Intermediate_Japanese Intermediate_Japanese_Ln.11,zqQS?TR@WS
そういえば,そういえば,그러고보니,JLPT JLPT_2,eo>F02B%a]
雑巾,ぞうきん,걸레,JLPT JLPT_2,r*{8DR<J4`
増減,ぞうげん,증감,JLPT JLPT_2,l(r&I9gZ<B
倉庫,そうこ,창고,JLPT JLPT_2,w}}hNBPyr)
相互,そうご,상호,JLPT JLPT_2,nR3lCT=~I%
創作,そうさく,조작,JLPT JLPT_2,PNw/q-z>l3
葬式,そうしき,장례,JLPT JLPT_2,Gbn]K/&TX&
造船,ぞうせん,조선,JLPT JLPT_2,LyK0zsx!O1
騒々しい,そうぞうしい,시끌벅적하다,JLPT JLPT_2,cTG!~COW$P
増大,ぞうだい,증대,JLPT JLPT_2,K:CEKV:9VX
そうっと,そうっと,"살며시, 조심스럽게",JLPT JLPT_2,vd>M3|]yht
送別,そうべつ,송별,JLPT JLPT_2,"y,Tk;$&@x}"
草履,ぞうり,짚신,JLPT JLPT_2,xD#*1}`sY?
総理大臣,そうりだいじん,총리,JLPT JLPT_2,wr`qCug{r4
送料,そうりょう,"배송료, 우편 요금",JLPT JLPT_2,D?;^6Pv:]&
属する,ぞくする,속하다,JLPT JLPT_2,i1]:]E>_bU
続々,ぞくぞく,"속속, 잇따라",JLPT JLPT_2,hivME8/#WP
速達,そくたつ,속달,JLPT JLPT_2,v{{[}K0EMQ
測定,そくてい,측정,JLPT JLPT_2,Qp_^G4NnHY
測量,そくりょう,측량,JLPT JLPT_2,N?XK_R(gNy
速力,そくりょく,속력,JLPT JLPT_2,yC0f;tqC:X
素質,そしつ,"끼, 소질",JLPT JLPT_2,i~_:B9s_i]
祖先,そせん,조상,JLPT JLPT_2 Intermediate_Japanese_Ln.8 Intermediate_Japanese,uEOVA+$QA-
そそっかしい,そそっかしい,"달랑달랑하다, 덜렁거리다",JLPT JLPT_2,lH2m/7jTDk
卒直,そっちょく,솔직함,JLPT JLPT_2,gGu?|m4th^
率直,そっちょく,솔직한,JLPT JLPT_2,zP0+k&2Oo$
そのころ,そのころ,그 무렵,JLPT JLPT_2,h3oBLD<m4a
そのため,そのため,"그래서, 그 때문에",JLPT JLPT_2,m^MU-Y@MNe
その他,そのほか,기타,JLPT JLPT_2,IwQj+]fL.2
そば,そば,메밀국수,JLPT JLPT_2,ww?mb~cU}r
剃る,そる,면도하다,JLPT JLPT_2,nRAd^[5pD1
それなのに,それなのに,그런데도,JLPT JLPT_2,k+B-<2c#Pu
それなら,それなら,그럼,JLPT JLPT_2,tEgCn;#W+`
それはいけませんね (かん),それはいけませんね (かん),좋지 않다,JLPT JLPT_2,t8:jf{Ldnz
逸れる,それる,"빗나가다, 빠지다",JLPT JLPT_2,P^@I_Rocse
揃える,そろえる,모으다,JLPT JLPT_2,"eIvmG2@,}C"
算盤,そろばん,주판,JLPT JLPT_2,jX~`V;cedM
存じる,ぞんじる,"알다, 생각하다(겸양어)",JLPT JLPT_2,Aym5:5*IUD
存ずる,ぞんずる,"알다, 생각하다(겸양어)",JLPT JLPT_2,MsmBGs6}hD
損得,そんとく,손익,JLPT JLPT_2,x~apBZA1n:
第～,だい～,제-,JLPT JLPT_2,kbFu6B=v;g
タイア,タイア,타이어,JLPT JLPT_2,42m3.zlHb
だいいち (とりわけ),だいいち (とりわけ),"첫째, 특히",JLPT JLPT_2,sS|Rl>y(P~
大学院,だいがくいん,대학원,Genki_Ln.16 JLPT Intermediate_Japanese JLPT_2 Intermediate_Japanese_Ln.1 Genki,k|Ws#.@Z(?
大工,だいく,목수,JLPT JLPT_2,HUM8bf&^L-
体系,たいけい,시스템,JLPT JLPT_2,I*QRaBQl@l
太鼓,たいこ,북,JLPT JLPT_2,wz3E+65(~&
対策,たいさく,대책,JLPT JLPT_2,GGGQEDkEUY
大して,たいして,그다지(부정과 함께),JLPT JLPT_2,"u,Waa>(/*g"
対照,たいしょう,대조,JLPT JLPT_2,n>fKKV=_7/
大小,だいしょう,대소,JLPT JLPT_2,nI5$isC-V|
体制,たいせい,체제,JLPT JLPT_2,Dn9.|Ri$s|
体積,たいせき,용적,JLPT JLPT_2,u*y*LZ`?*U
大層,たいそう,"몹시, 매우",JLPT JLPT_2,w>w}K&}qSs
体操,たいそう,체조,JLPT JLPT_2,"Av($>5,YT@"
大分,だいぶん,"상당히, 꽤",JLPT JLPT_2,BIv*|D!}u.
大木,たいぼく,대목. 거목. 아름드리 큰 나무,JLPT JLPT_2,ChcUad;Yr=
題名,だいめい,제목,JLPT JLPT_2,piMdjCN@h}
代名詞,だいめいし,대명사,JLPT JLPT_2,"l##{!5f,2T"
ダイヤグラム,ダイヤグラム,"다이어그램, 시간표",JLPT JLPT_2,iaafymmrCe
ダイヤモンド,ダイヤモンド,다이아몬드,JLPT JLPT_2,i=C9?(aW#r
ダイヤル,ダイヤル,다이얼,JLPT JLPT_2,utE>l/p-3-
対立,たいりつ,대립,JLPT JLPT_2,"Ncc,Acum~c"
田植え,たうえ,모심기,JLPT JLPT_2,OgO</<`l`b
絶えず,たえず,끊임없이,JLPT JLPT_2 Intermediate_Japanese_Ln.10 Intermediate_Japanese,pW;2y7R<mV
楕円,だえん,타원,JLPT JLPT_2,P}wFC7s?&j
高める,たかめる,높이다,JLPT JLPT_2,hpSUACwJv[
耕す,たがやす,갈다,JLPT JLPT_2,"xA,3MUb6~T"
滝,たき,폭포,JLPT JLPT_2,"ohAHw^26T,"
蓄える,たくわえる,쌓다,JLPT JLPT_2,m.Z{vIv259
竹,たけ,대나무,JLPT JLPT_2,w4_>96h/eO
ただいま,ただいま,다녀왔습니다; 지금,JLPT JLPT_2,p|S.`7CI}c
但し,ただし,"다만, 단",JLPT JLPT_2,nIm>W;=6s~
畳む,たたむ,접다,JLPT JLPT_2,OvXN(wM:bA
立ち止まる,たちどまる,"멈추다, 정지하다, 가만히 서 있다",JLPT JLPT_2,B95OXSZO5r
たちまち,たちまち,"순식간에, 갑자기",JLPT_2 JLPT Intermediate_Japanese_Ln.7 Intermediate_Japanese,"f|EvU~_,t!"
建つ,たつ,서다,JLPT JLPT_2,"M!q;te,)Kq"
脱線,だっせん,탈선,JLPT JLPT_2,HD(zBG2%H)
妥当,だとう,"적절한, 알맞은",JLPT JLPT_2,JHO!PQp^-#
例える,たとえる,"부치다, 비기다",JLPT JLPT_2,b.^|xu(Lu=
頼もしい,たのもしい,"미덥다, 미쁘다",JLPT JLPT_2,d|t<2zx{AN
足袋,たび,일본식 버선,JLPT JLPT_2,i9JA;qWI*S
ダブル,ダブル,더블,JLPT_1 JLPT JLPT_2,n5sGaL[nrJ
ダム,ダム,댐,JLPT JLPT_2,lwjw.sbO3t
溜息,ためいき,한숨,JLPT JLPT_2,M{mrZXe(xA
ためらう,ためらう,서슴다,JLPT JLPT_2 Intermediate_Japanese_Ln.12 Intermediate_Japanese,G;FUJQ+<&I
だらしない,だらしない,칠칠맞다,JLPT JLPT_2,y)zumMnB[a
足る,たる,"충분하다, 있다 충분한",JLPT JLPT_2,f=F6.jTK0j
短～,たん～,"단~, 짧은 ~",JLPT JLPT_2,zZ~;hL0?5C
段階,だんかい,단계,JLPT JLPT_2,jG]K@ghVXd
短期,たんき,단기일,JLPT JLPT_2,q<4V7>Q;K[
炭鉱,たんこう,탄광,JLPT JLPT_2,k;/>)mhS{3
短所,たんしょ,결점,JLPT JLPT_2,H{`G1#jtpf
たんす,たんす,농짝,JLPT JLPT_2,m~G#CLkml)
淡水,たんすい,담수,JLPT JLPT_2,qe4&W^T?1T
断水,だんすい,단수,JLPT JLPT_2,i;K5<cgucK
単数,たんすう,단수,JLPT JLPT_2,l])jQ./Ree
団地,だんち,단지,JLPT JLPT_2,gOlbcdBj<$
断定,だんてい,단정,JLPT JLPT_2,A$|V(|!0O8
短編,たんぺん,단편,JLPT JLPT_2,bU~DAA@V)_
田ぼ,たんぼ,논,JLPT JLPT_2,muOiSP8NL>
誓う,ちかう,"맹세하다, 서약하다",JLPT JLPT_2,MT!|3=)2Nd
地下水,ちかすい,지하수,JLPT JLPT_2,p4eK+EuKD%
近々,ちかぢか,"곧, 머지않아",JLPT JLPT_2,z!thddh444
近付ける,ちかづける,"가까이하다, 가까이 가져가다",JLPT JLPT_2,"tY,9|Y-dCA"
近寄る,ちかよる,다가오다,JLPT JLPT_2,PADniz;h7y
力強い,ちからづよい,힘차다,JLPT JLPT_2,esKt]N.[nn
ちぎる,ちぎる,"뜯다, 끊다, 따다",JLPT JLPT_2,n1$55xxJH)
地質,ちしつ,지질,JLPT JLPT_2,OY*f%Q>2A{
知人,ちじん,지인,JLPT JLPT_2 Intermediate_Japanese_Ln.1 Intermediate_Japanese,yhSeK?G|5o
地帯,ちたい,지대,JLPT JLPT_2,Cixjw@G7=!
縮む,ちぢむ,"오그라들다, 오므라들다, 우그러들다",JLPT JLPT_2,s+NV#|Vzsj
縮める,ちぢめる,"오므리다, 쪼그리다",JLPT JLPT_2,K2!izn(Ec%
縮れる,ちぢれる,굽슬굽슬하다,JLPT JLPT_2,hDb2M|vgvf
チップ,チップ,"칩, 팁",Intermediate_Japanese_Ln.6 JLPT_2 JLPT Intermediate_Japanese,I{J?rk;mEF
地点,ちてん,지점,JLPT JLPT_2,O67?;Qy2t6
地名,ちめい,지명,JLPT JLPT_2,H}VgzK^n++
茶色い,ちゃいろい,갈색,JLPT JLPT_2,cPhF;RkRM7
着々,ちゃくちゃく,척척,JLPT JLPT_2,o8gOx2+4-w
中間,ちゅうかん,중간,JLPT JLPT_2,db[p1gjS8r
中旬,ちゅうじゅん,중순,JLPT JLPT_2,w>eUJ_!p-%
抽象,ちゅうしょう,추상,JLPT JLPT_2,i(@XmP*tzX
中世,ちゅうせい,중세,JLPT JLPT_2,"Lq!,3&y/Oc"
中性,ちゅうせい,중성,JLPT JLPT_2,dr8B_U~r:p
中途,ちゅうと,"도중, 중도",JLPT JLPT_2,qq^xMh<42g
中年,ちゅうねん,중년,JLPT JLPT_2 Intermediate_Japanese_Ln.1 Intermediate_Japanese,hO*P@Du`th
チョーク,チョーク,분필,JLPT JLPT_2,bDt1557lyK
長～,ちょう～,장-,JLPT JLPT_2,neC33gMb3=
超過,ちょうか,초과,JLPT JLPT_2,H)x}P>JSY6
彫刻,ちょうこく,"조각, 조각품",JLPT JLPT_2,Mb[Y;T*X##
長所,ちょうしょ,강점,JLPT JLPT_2,r2Td3|X~d{
長女,ちょうじょ,맏딸,JLPT JLPT_2,"t>?7,8swc^"
調整,ちょうせい,조정,JLPT JLPT_2,QE[mY6z/-y
調節,ちょうせつ,조절,JLPT JLPT_2,P0aU16*RZa
長短,ちょうたん,장단,JLPT JLPT_2,qq$=?zj3/o
頂点,ちょうてん,정점,JLPT JLPT_2,O=qNj-<h$g
長男,ちょうなん,맏아들,JLPT JLPT_2,q&!C!n<?M%
長方形,ちょうほうけい,직사각형,JLPT JLPT_2,O?/Z!eS6c(
調味料,ちょうみりょう,조미료,JLPT JLPT_2,K^{6&5|*9!
直後,ちょくご,직후,JLPT JLPT_2,CruP!C)gep
直線,ちょくせん,직선,JLPT JLPT_2,i)fGfpmLw~
直前,ちょくぜん,직전,JLPT JLPT_2,"D>@!/){#.,"
直通,ちょくつう,직통,JLPT JLPT_2,A~{UUj]Qek
直流,ちょくりゅう,직류,JLPT JLPT_2,d)k}co{r3d
貯蔵,ちょぞう,저장,JLPT JLPT_2,EL+(Z/@n_h
直角,ちょっかく,직각,JLPT JLPT_2,v`=zo2c&R/
直径,ちょっけい,지름,JLPT JLPT_2,"z!K&J,E<-?"
散らかす,ちらかす,늘어놓다,JLPT JLPT_2,GEl!43e%n;
散らかる,ちらかる,"헝클리다, 헝클어지다",JLPT JLPT_2,K|3bz=nC90
塵紙,ちりがみ,화장지,JLPT JLPT_2,lS2l<%5|;:
追加,ついか,추가,JLPT JLPT_2,"tj?z]po,j$"
ついで,ついで,김,JLPT JLPT_2,JV}]H[sMyJ
つうか,つうか,통화(화폐),JLPT JLPT_2,oE[eO]8G9J
通勤,つうきん,통근,JLPT JLPT_2,e/9Ql]v_wl
通ずる,つうずる,통하다; 정통하다,JLPT JLPT_2,q$j6&`f[H8
通知,つうち,통고,JLPT JLPT_2,cJFk/B/(}}
通帳,つうちょう,통장,JLPT JLPT_2,A$T{G:y63&
通訳,つうやく,통역,JLPT JLPT_2,"C1Sq0$,;*i"
通用,つうよう,통용,JLPT JLPT_2,s?U_N>(p<4
通路,つうろ,통로,JLPT JLPT_2,tLtZ>BdE3q
突き当たり,つきあたり,막다른 곳,JLPT JLPT_2,"E.b]g.X8,Q"
突き当たる,つきあたる,부딪히다,JLPT JLPT_2,H/BcfsD4m>
月日,つきひ,세월,JLPT JLPT_2,syFp2{x6+`
次ぐ,つぐ,"뒤잇다, 버금가다",JLPT JLPT_2,KsUS[vX;(*
伝わる,つたわる,"가다, 옮다",JLPT JLPT_2,xB#-{Oy+Zn
突っ込む,つっこむ,"돌입하다, 찌르다",JLPT JLPT_2,mSeMf>i-8N
務める,つとめる,지내다,JLPT JLPT_2,L>!8An;z|w
努める,つとめる,힘쓰다,JLPT JLPT_2,Hiy-GVpUzU
綱,つな,밧줄,JLPT JLPT_2,Gw:F2@;*cm
繋がり,つながり,연계,JLPT JLPT_2,i]34S7eeuh
繋がる,つながる,묶이다,JLPT JLPT_2,AHrdgC)O9:
粒,つぶ,알갱이,JLPT JLPT_2,cj>Qx50pst
潰す,つぶす,"부서뜨리다, 부서트리다",JLPT JLPT_2,fw$wS&e^q
潰れる,つぶれる,도산하다,JLPT JLPT_2,KtRH@.KstT
つまずく,つまずく,걸리다,JLPT JLPT_2,HV>q|x:QCp
躓く,つまずく,"비틀어지다, 비틀리다",JLPT JLPT_2,c>Y]uM]FZ+
詰まる,つまる,미어터지다,JLPT JLPT_2,i9f3IyL;o8
積む,つむ,쌓다,JLPT JLPT_2,"j$?]*}X8^,"
爪,つめ,손톱,JLPT JLPT_2,s#1=yTp.2S
艶,つや,윤기,JLPT JLPT_2,Q)oxH2VDV_
強気,つよき,강세,JLPT JLPT_2,"P1FRp-!AG,"
釣り合う,つりあう,잘 맞다,JLPT JLPT_2,z[{YFjYjFo
吊る,つる,매달다,JLPT JLPT_2,eBriDa`?h[
吊す,つるす,매달다,JLPT JLPT_2,ux}URvOg@g
テーマ,テーマ,주제,JLPT_2 JLPT Intermediate_Japanese_Ln.15 Intermediate_Japanese,"gk7:?,j`-7"
手洗い,てあらい,변소,JLPT JLPT_2,shNH8<_-bh
低～,てい～,저-,JLPT JLPT_2,qQ>QRC-XBo
定員,ていいん,정원,JLPT JLPT_2,hHnudL9f]D
定価,ていか,정가,JLPT JLPT_2,GWM}Nec!lL
低下,ていか,저하,JLPT JLPT_2,uCyhw5D=m+
定期券,ていきけん,정기권,JLPT JLPT_2,kM5$./::LV
定休日,ていきゅうび,정기 휴일,JLPT JLPT_2,GIBTjs]--C
停止,ていし,정지,JLPT JLPT_2,L@Y;}f5pt/
停車,ていしゃ,정차,JLPT JLPT_2,J9C>1^3Nnd
停電,ていでん,정전,JLPT JLPT_2,d8`tBKM9z5
出入り,でいり,입출금,JLPT JLPT_2,yl0fL{Q0pI
出入口,でいりぐち,출구 및 입구,JLPT JLPT_2,Eq1|~+1Qg4
出入り口,でいりぐち,출입구,JLPT JLPT_2,"w,8Y4;[3/l"
手入れ,ていれ,손질,JLPT JLPT_2,rnU2HoMJ`m
出来上がり,できあがり,"완성, 완성 상태",JLPT JLPT_2,"H,mU.Hzu4W"
出来上がる,できあがる,되다,JLPT JLPT_2,d/)Gw/?OUZ
的確,てきかく,"정확한, 정밀한",JLPT JLPT_2,QsPEZIzu?w
適確,てきかく,"정확한, 정밀한",JLPT JLPT_2,f.CM.L/$:o
手首,てくび,손목,JLPT JLPT_2,Jk-$`y`Ik4
凸凹,でこぼこ,"고르지 않음, 거칠음, 험준함",JLPT JLPT_2,NK{S%hniXJ
手頃,てごろ,"적당함, 알맞음",JLPT JLPT_2,fokm:d$4ID
手ごろ,てごろ,"적당함, 알맞음",JLPT JLPT_2,hDgPRveK4>
弟子,でし,도제,JLPT JLPT_2,xgs_S`YrNI
でたらめ,でたらめ,"엉터리, 되는대로",JLPT JLPT_2,o=WTZV3mV~
手帳,てちょう,수첩,JLPT JLPT_2,sa)S+5Yc~m
鉄橋,てっきょう,철교,JLPT JLPT_2,ptqUB=+GwY
手続き,てつづき,절차,JLPT JLPT_2,.%i6[1[$q
鉄砲,てっぽう,총,JLPT JLPT_2,jPGmB|kdN@
テニスコート,テニスコート,테니스장,JLPT JLPT_2,I<8~`/$9/~
手拭い,てぬぐい,수건,JLPT JLPT_2,qoag-^~LpA
手前,てまえ,"앞, 이쪽; 체면",JLPT JLPT_2,"sUtM,w6Uoy"
出迎え,でむかえ,마중,JLPT JLPT_2,ty8z)H=LPz
出迎える,でむかえる,마중하다,JLPT JLPT_2,tO[4D*FC$y
照らす,てらす,비추다,JLPT JLPT_2,NH<(nLZ8$8
照る,てる,"들이비치다, 비치다",JLPT JLPT_2,3op!&nH<3
展開,てんかい,전개,JLPT JLPT_2,civd_]-_la
伝記,でんき,전기,JLPT JLPT_2,gEdK7vzpv5
電球,でんきゅう,전구,JLPT JLPT_2,igr+WFj[j?
点数,てんすう,점수,JLPT JLPT_2,vc+IbB&=W`
伝染,でんせん,전염,JLPT JLPT_2,i$>Ffzmrg<
電池,でんち,약,Genki_Ln.15 JLPT_2 JLPT Genki,rtMf<[nw2h
電柱,でんちゅう,"전봇대, 전신주",JLPT JLPT_2,"gp>z=,YkpX"
点々,てんてん,여기저기; 점점이,JLPT JLPT_2,vIj65EZ[j(
転々,てんてん,"전전함, 이곳저곳 옮김",JLPT JLPT_2,z<l%&cmA@h
天皇,てんのう,천황,JLPT JLPT_2,BCTKLS7Bsq
電波,でんぱ,전파,JLPT JLPT_2,cg0Ez+Y@GU
テンポ,テンポ,템포,JLPT JLPT_2,Hi]gxBaRU^
電流,でんりゅう,전류,JLPT JLPT_2,w3QM-(pmFO
電力,でんりょく,전력,JLPT JLPT_2,BkP9bGxxa`
問い合わせ,といあわせ,문의,JLPT JLPT_2,h}t;%K/E(N
銅,どう,구리,JLPT JLPT_2,t]G?*GHI@U
同～,どう～,동,JLPT JLPT_2,"n,@c1nuA~O"
どういたしまして (かん),どういたしまして (かん),"천만에요, 괜찮습니다",JLPT JLPT_2,qsFKJD&|L2
統一,とういつ,통일,JLPT JLPT_2,Qgn:y`-!#|
同格,どうかく,동격,JLPT JLPT_2,MiJmwE9)Tk
峠,とうげ,"고개, 고개턱",JLPT JLPT_2,"N<{B4W~=,!"
統計,とうけい,통계,JLPT JLPT_2,vX}p`nL9tJ
動作,どうさ,움직임,JLPT JLPT_2,dT{x#l3poW
東西,とうざい,동서양,JLPT JLPT_2,j$kHEw}u=O
当日,とうじつ,당일,JLPT JLPT_2,DMRuSTW/kN
投書,とうしょ,투고,JLPT_2 JLPT Intermediate_Japanese_Ln.15 Intermediate_Japanese,cIf~cB@d=B
登場,とうじょう,등장,JLPT JLPT_2,Ly]{kwvk<^
どうせ,どうせ,어차피,JLPT JLPT_2,qUZxLcShyb
灯台,とうだい,등대,JLPT JLPT_2,z?>!uGNDHa
盗難,とうなん,도난,JLPT JLPT_2,HhHB}s;s98
当番,とうばん,당번,JLPT JLPT_2,t5f^H;G`pb
等分,とうぶん,등분,JLPT JLPT_2,gvTvgz{bLa
透明,とうめい,투명,JLPT JLPT_2,P(@#|>UOt0
灯油,とうゆ,등유,JLPT JLPT_2,vZ4oHV;=:a
東洋,とうよう,동양,JLPT JLPT_2,NL2U4L5P.}
童話,どうわ,동화책,JLPT JLPT_2,D&Yh:&s%jk
通り掛かる,とおりかかる,우연히 지나가다,JLPT JLPT_2,"luDHt,5Sk,"
溶かす,とかす,녹이다,JLPT JLPT_2,l;^zOZ_oE|
尖る,とがる,뾰족하다,JLPT JLPT_2,"e{Pl+,CC6G"
どきどき,どきどき,"팔딱, 팔딱팔딱",JLPT JLPT_2,x-PSkMj&q>
特殊,とくしゅ,특수,JLPT JLPT_2,w^_lcgoHoI
特色,とくしょく,특색,JLPT JLPT_2,B-+4Us]g7J
特定,とくてい,특정,JLPT JLPT_2,t|TfJJg|sz
特売,とくばい,대할인,JLPT JLPT_2,p@T8CIs-/#
溶け込む,とけこむ,녹아들다,JLPT JLPT_2 Intermediate_Japanese Intermediate_Japanese_Ln.11,x]~8B=uZCs
溶ける,とける,녹다,JLPT JLPT_2,IB`$@F~Yl%
退ける,どける,치우다,JLPT JLPT_2,"l,uqdq*vL$"
床の間,とこのま,도코노마(일본식 방의 장식 공간),JLPT JLPT_2,DWuzigwd1O
所々,ところどころ,"곳곳, 군데군데",JLPT JLPT_2,JBl+zKfWO=
都心,としん,도심,JLPT JLPT_2,q@;X-KR+6x
戸棚,とだな,찬장,JLPT JLPT_2,fA;1NRcg;.
とっくに,とっくに,벌써,JLPT JLPT_2,"s1FB+z(/k,"
どっと,どっと,덜컥,JLPT JLPT_2,l_f3!1:=g.
整う,ととのう,서다,JLPT JLPT_2,qFP1)1i}(/
留まる,とどまる,머무르다,JLPT JLPT_2,"f],Vz_=*R]"
怒鳴る,どなる,지르다,JLPT JLPT_2,PA4d>_N*GM
殿,どの,"님, 귀하",JLPT JLPT_2,G)i@|4rCFu
飛び込む,とびこむ,뛰어들다,JLPT JLPT_2,m)8^_h=xfZ
留まる,とまる,"고정되다; 한 곳에 머물다, 머무르다",JLPT JLPT_2,lR~zbQY;%4
泊める,とめる,정박하다; 재우다,JLPT JLPT_2,md-bthpDki
ともかく,ともかく,"하여간, 여하간",JLPT JLPT_2,CwP{EP}I?z
捕える,とらえる,잡다,JLPT JLPT_2,"j}2L,caH~b"
取り入れる,とりいれる,"거둬들이다, 거두어들이다",JLPT JLPT_2,w2_26oic>]
取り消す,とりけす,취소하다,JLPT JLPT_2,c++rlW<4bj
取り出す,とりだす,꺼내다,JLPT JLPT_2,mbHbo^x=YD
採る,とる,채취하다; 채굴하다,JLPT JLPT_2,Kwcy6Nu#VV
捕る,とる,"잡다, (물고기) 잡다",JLPT JLPT_2,h-foFU)J+%
丼,どんぶり,밥그릇,JLPT JLPT_2,K/7)Qgev~b
内科,ないか,내과,JLPT JLPT_2,cL3Q<QI{Xi
内線,ないせん,내선,JLPT JLPT_2,vWixbAJ8L3
ナイロン,ナイロン,나일론,JLPT JLPT_2,"J#^zz>A,)}"
長～,なが～,긴 ~,JLPT JLPT_2,"!(,ztix|0"
仲直り,なかなおり,화해,JLPT JLPT_2,lg&xbaku[H
長引く,ながびく,길어지다,JLPT JLPT_2,KFJ:-OqPv)
中身,なかみ,내용,JLPT JLPT_2,hK@B?T%H[@
中指,なかゆび,"장지, 중지",JLPT JLPT_2,OVu}*4o9[-
仲良し,なかよし,"친한 친구, 절친",JLPT JLPT_2,bY}?0:RFF`
慰める,なぐさめる,위로하다,JLPT JLPT_2,OOn!)Q5mF^
殴る,なぐる,때리다,JLPT JLPT_2,IuJ-aZ~ucE
為す,なす,하다,JLPT JLPT_2,sRagOZ&+9+
謎謎,なぞなぞ,수수께끼,JLPT JLPT_2,kh;qXYZm$x
傾らか,なだらか,완만함,JLPT JLPT_2,N*gYt%kA/%
懐かしい,なつかしい,반갑다,JLPT JLPT_2,AgDX*Gpp{!
撫でる,なでる,쓰다듬다,JLPT JLPT_2,x?eU}#7q`n
斜め,ななめ,"비스듬함, 사선",JLPT JLPT_2,e/[lM~+tA8
なにしろ,なにしろ,아무튼,JLPT JLPT_2,p8WN.jfeNo
何しろ,なにしろ,아무튼,JLPT JLPT_2,uSbI~/yfu<
何々,なになに,"무엇무엇, 뭐라고?",JLPT JLPT_2,v!2OpO8|[
何分,なにぶん,아무래도; 몇분,JLPT JLPT_2,t3>sbe_K8<
生意気,なまいき,건방,JLPT JLPT_2,mw&FA%y!wL
生意気な,なまいきな,건방짐,JLPT JLPT_2,bvjMS7agaS
並木,なみき,가로수,JLPT JLPT_2,B&w5g2.BdM
倣う,ならう,"따라오다, 배우다",JLPT JLPT_2,bk+_vg]*X*
生る,なる,열리다,JLPT JLPT_2,L4foi?c6%U
南極,なんきょく,남극,JLPT JLPT_2,i(}x3JhEWk
なんとなく,なんとなく,"공연히, 괜스레",JLPT JLPT_2,NHiEMH@?%b
なんとも,なんとも,정말(뒤에는 부정을 나타내는 말이 옴),JLPT JLPT_2,d60cvEnM@g
何とも,なんとも,정말(뒤에는 부정을 나타내는 말이 옴),JLPT JLPT_2,mA+s2zFs]r
ナンバー,ナンバー,넘버,JLPT JLPT_2,w%6-K{mlSu
南米,なんべい,남미,JLPT_2 JLPT Intermediate_Japanese_Ln.15 Intermediate_Japanese,IS$N[3lqN_
南北,なんぼく,남북,JLPT JLPT_2,v&@^W~@3Lc
匂う,におう,(좋은) 냄새가 나다,JLPT JLPT_2,HNXw9CMq7V
逃がす,にがす,놓치다,JLPT JLPT_2,ze5+}#f{P4
憎い,にくい,가증스럽다,JLPT JLPT_2,Qq0d(|J(G%
憎む,にくむ,미워하다,JLPT JLPT_2,vu`fYICMu{
憎らしい,にくらしい,"얄밉다, 밉살스럽다",JLPT JLPT_2,f/_kC?^S&d
にこにこ,にこにこ,"해죽해죽, 방글방글",JLPT JLPT_2,"n^be_-@ly,"
濁る,にごる,흐려지다,JLPT JLPT_2,Lky&[Q-5R2
虹,にじ,무지개,JLPT JLPT_2,GlQhx;DK8+
日時,にちじ,일시,JLPT JLPT_2,PH9R9B_JX5
日用品,にちようひん,생활필수품,JLPT JLPT_2,c&vov/+z8>
日課,にっか,일과,JLPT JLPT_2,c6js~O66Z[
日程,にってい,일정,JLPT JLPT_2,AHKP7#Wd&/
鈍い,にぶい,"둔하다, 무디다",JLPT JLPT_2,s~5sFu`bb@
入社,にゅうしゃ,입사,JLPT JLPT_2,w-`JY=1e/D
女房,にょうぼう,아내,JLPT JLPT_2,sU~=iRlvo]
睨む,にらむ,흘기다,JLPT JLPT_2,fHjyY#znW:
煮る,にる,익히다,JLPT JLPT_2,qMv(PS]:%I
俄,にわか,"갑작스러움, 임시",JLPT JLPT_2,t[:`;rL-va
縫う,ぬう,뜨다,JLPT JLPT_2,"Ng&<M,@BtR"
ねじ,ねじ,나사,JLPT JLPT_2,Re-*YljhSS
捩る,ねじる,비틀다,JLPT JLPT_2,D{g8=@A4<B
ネックレス,ネックレス,목걸이,JLPT JLPT_2,MuQQ$:&B5C
熱する,ねっする,달구다,JLPT JLPT_2,rJh1ly.2gv
寝間着,ねまき,잠옷,JLPT JLPT_2,lkd)EF+;p^
寝巻,ねまき,잠옷,JLPT JLPT_2,bI$hc3f6^A
狙い,ねらい,목표,JLPT JLPT_2,+@]APxhP:
狙う,ねらう,조준하다,JLPT JLPT_2,"u_Zq{@}_,2"
年度,ねんど,연도,JLPT JLPT_2,zOnWMA:uDf
農産物,のうさんぶつ,농산물,JLPT JLPT_2,"NI`BmF+,nH"
農村,のうそん,농촌,JLPT JLPT_2,x4+Tr<A;s]
濃度,のうど,농도,JLPT JLPT_2,P+%XFi<sCv
農薬,のうやく,농약,JLPT JLPT_2,l1C346K%hs
能率,のうりつ,능률,JLPT JLPT_2,Na^nQlXLin
のこぎり,のこぎり,톱,JLPT JLPT_2,Mi-TTuwz8!
残らず,のこらず,다,JLPT JLPT_2,C>>Dz3Vn+r
上り,のぼり,상행,JLPT JLPT_2,x3At`fIc#9
糊,のり,풀,JLPT JLPT_2,xb.2gr28hJ
乗換,のりかえ,"환승(예: 기차, 버스)",JLPT JLPT_2,mEuM{0XEgL
乗り換え,のりかえ,환승,JLPT JLPT_2,"C,/t73;.mS"
乗り越し,のりこし,내릴 역을 지나침,JLPT JLPT_2,msQgthowMg
鈍い,のろい,둔하다,JLPT JLPT_2,"x,FV2}Y%-X"
のろのろ,のろのろ,느릿느릿,JLPT JLPT_2,KUA4SG[)M:
呑気,のんき,천하태평,JLPT JLPT_2,t$DYuRW-VV
はい (かん),はい (かん),네,JLPT JLPT_2,AiQ1*c2HyJ
灰色,はいいろ,"회색, 잿빛, 회색빛",JLPT JLPT_2,ss^FM_Mq2^
俳句,はいく,하이쿠(일본 고유의 단시),JLPT JLPT_2,hwb=j~#GQg
売店,ばいてん,매점,JLPT JLPT_2,z@FJMhw{sZ
バイバイ,バイバイ,안녕,JLPT JLPT_2,o^SdrB~Ugj
売買,ばいばい,매매,JLPT JLPT_2,w9ww[Mi8PB
這う,はう,기어가다,JLPT JLPT_2,J$@-ykytmX
剥す,はがす,"뜯어내다, 벗겨내다, 찢어내다",JLPT JLPT_2,w1IgSLSCS%
剥がす,はがす,뜯어내다,JLPT JLPT_2,twr([xW-`[
ばからしい,ばからしい,"바보같다; 무의미하다, 시시하다",JLPT JLPT_2,"Ac.j@?6<t,"
秤,はかり,저울,JLPT JLPT_2,K:$(:hKZp/
吐き気,はきけ,욕지기,JLPT JLPT_2,kx+nKGh/`U
はきはき,はきはき,분명히,JLPT JLPT_2,JVjc#=Q+e1
掃く,はく,쓸다,JLPT JLPT_2,vSCJIFU380
歯車,はぐるま,톱니바퀴,JLPT JLPT_2,j7]b4f$098
バケツ,バケツ,통,JLPT JLPT_2,s9Y+YEtVRT
挟まる,はさまる,끼다,JLPT JLPT_2,e1(3K^._OQ
挟む,はさむ,"사이에 두다, 끼다",JLPT JLPT_2,l~cQobWV^N
梯子,はしご,사다리,JLPT JLPT_2,M(f1q$Y$t;
始めに,はじめに,"우선, 무엇보다 먼저",JLPT JLPT_2,"IrD7xzN,r4"
初めに,はじめに,"우선, 무엇보다 먼저",JLPT JLPT_2,d;;?&/B6za
はじめまして,はじめまして,처음 뵙겠습니다,JLPT JLPT_2,"M]0`I,lN9&"
斜,はす,비스듬함,JLPT JLPT_2,yZ/JT}.{x%
外れる,はずれる,벗어나다,JLPT JLPT_2,c*@~/j#){L
パターン,パターン,패턴,JLPT JLPT_2,yMee~-[vv4
肌着,はだぎ,속옷,JLPT JLPT_2,tm(~La~OiQ
果して,はたして,과연,JLPT JLPT_2,vU#n=PULcb
果たして,はたして,과연,JLPT JLPT_2,OPG]u@2UJd
鉢,はち,대접,JLPT JLPT_2,s9xu=`E7V:
発,はつ,-발,JLPT JLPT_2,d|z)aYBq<F
×,ばつ,"엑스표, 틀림 표시",JLPT JLPT_2,v(;vsH!5b/
発揮,はっき,발휘,JLPT JLPT_2,QaKs[tB)A-
バック,バック,수비수,JLPT JLPT_2,qbsm~Jf<LF
発想,はっそう,발상,JLPT_2 JLPT Intermediate_Japanese_Ln.15 Intermediate_Japanese,I2:s]~J?s+
発電,はつでん,발전,JLPT JLPT_2,Q0`dq+3A0&
発売,はつばい,발매,JLPT JLPT_2,I[uv@sX4sM
派手,はで,요란,JLPT JLPT_2,GR6l(BMZ<s
話合い,はなしあい,"의논, 대화",JLPT JLPT_2,j6IK#HXQe7
話し合い,はなしあい,논의,JLPT JLPT_2,z&(3kffI&H
話し掛ける,はなしかける,"사람에게 말을 걸다, 말을 걸다",JLPT JLPT_2,E42/+JfB`_
話中,はなしちゅう,통화 중,JLPT JLPT_2,jx-7nhaG2(
甚だしい,はなはだしい,"지독스럽다, 지독하다",JLPT JLPT_2,omWb^)11J$
花火,はなび,불꽃놀이,JLPT JLPT_2,BVYu+ySjFN
花嫁,はなよめ,신부,JLPT JLPT_2,GcW:<A-hl8
ばね,ばね,용수철,JLPT JLPT_2,sxRo:)][hz
跳ねる,はねる,"뜀뛰다, 뜀질하다, 뜀박질하다",JLPT JLPT_2,P8[ijvqr@Z
破片,はへん,파편,JLPT JLPT_2,O.%CD32Cda
歯磨き,はみがき,치약,JLPT JLPT_2,y*(]=Ref/C
はめる,はめる,"끼다, 끼우다",JLPT JLPT_2,"v[M8{,w&%8"
早口,はやくち,빠른 말,JLPT JLPT_2,b65.982w^u
払い込む,はらいこむ,불입하다,JLPT JLPT_2,"mq,-bG@>>i"
払い戻す,はらいもどす,환불하다,JLPT JLPT_2,"r!!#G!lK,,"
針金,はりがね,철사,JLPT JLPT_2,qxYELD(-ed
張り切る,はりきる,활기차다,JLPT JLPT_2,/+}3T(9Ff
反～,はん～,반-,JLPT JLPT_2,"b>W-n87t,>"
反映,はんえい,반영,JLPT JLPT_2,vM%0h=/p|a
半径,はんけい,반경,JLPT JLPT_2,nr>gnOk7x^
判子,はんこ,도장,JLPT JLPT_2,u_*2c15[TP
万歳,ばんざい,만세,JLPT JLPT_2,u0&SMmf&^/
判事,はんじ,판사,JLPT JLPT_2,j^b+T-<*N1
反省,はんせい,반성,JLPT JLPT_2,NqUE%mYbhY
番地,ばんち,번지,JLPT JLPT_2,f=_&Y!K(GI
パンツ,パンツ,팬티,JLPT_2 JLPT Genki_Ln.10 Genki,f1!Jgm1h.|
バンド,バンド,밴드,JLPT JLPT_2,hx3pu3yzgf
半島,はんとう,반도,JLPT JLPT_2,"O1,CCe9Bk!"
ハンドル,ハンドル,핸들,JLPT JLPT_2,r$a6UvR({y
非～,ひ～,비-,JLPT_1 JLPT JLPT_2,BUWz9(5^B)
日当たり,ひあたり,"일조, 햇볕이 잘 듦",JLPT JLPT_2,lKSG[Co_dv
日帰り,ひがえり,당일치기,JLPT JLPT_2,Jh-TX_`>w~
比較的,ひかくてき,비교적,Intermediate_Japanese_Ln.5 JLPT JLPT_2 Intermediate_Japanese,yRf$aJ+cvj
日陰,ひかげ,그늘,JLPT JLPT_2,PxZa@!UPI;
ぴかぴか,ぴかぴか,"번뜩번뜩, 번쩍번쩍",JLPT JLPT_2,d/V>YPI*X<
引受る,ひきうける,"맡다, 인수하다",JLPT JLPT_2,qCz>U/7EL?
引き返す,ひきかえす,되돌아가다,JLPT JLPT_2,bC`+HSQ:%I
引算,ひきざん,뺄셈,JLPT JLPT_2,ML@]2G:q]2
引き出す,ひきだす,끄집어내다,JLPT JLPT_2,NdsG``/m~k
引き止める,ひきとめる,만류하다,JLPT JLPT_2,A3*mBL.p{k
卑怯,ひきょう,"비겁함, 비열함",JLPT JLPT_2,"Q(9,y^6;ZC"
引分け,ひきわけ,무승부,JLPT JLPT_2,h}[lK:0XS$
引き分け,ひきわけ,무승부,JLPT JLPT_2,JQc@iJs3z#
陽射,ひざし,"햇빛, 햇살",JLPT JLPT_2,Ftb3RG(bbe
日差し,ひざし,"햇볕, 햇살",JLPT JLPT_2,C*wD(*i+[Q
肘,ひじ,팔꿈치,JLPT JLPT_2,C6rg9Pm`+%
ピストル,ピストル,권총,JLPT JLPT_2,JEp~p=`2Vn
ビタミン,ビタミン,비타민,JLPT JLPT_2,qt<L6><O-N
ぴたり,ぴたり,정확히; 꼭 맞는,JLPT JLPT_2,t)/G)m|eXB
引っ掛かる,ひっかかる,걸려들다,JLPT JLPT_2,jDrr(LpUYx
筆記,ひっき,필기,JLPT JLPT_2,E:WY<l^}a6
引っ繰り返す,ひっくりかえす,"뒤집어엎다, 뒤엎다",JLPT JLPT_2,Aa#A!KWab;
引っ繰り返る,ひっくりかえる,"뒤집히다, 뒤집어지다",JLPT JLPT_2,y#X%-CW-M~
引っ越し,ひっこし,"이사하다, 옮기다",JLPT JLPT_2,F[^C#=Zqkz
引っ込む,ひっこむ,"들어가다, 물러나다",JLPT JLPT_2,ozz?OwjfOs
筆者,ひっしゃ,필자,JLPT JLPT_2,BHGOtbE2VB
必需品,ひつじゅひん,필수품,JLPT JLPT_2,cTMH.0S#__
一～,ひと～,"하나, 일",JLPT JLPT_2,MA<ALV)8oH
人差指,ひとさしゆび,검지,JLPT JLPT_2,yXv{vsytE-
一通り,ひととおり,요만조만,JLPT JLPT_2,z>*AdeJ/za
人通り,ひとどおり,사람의 왕래,JLPT JLPT_2,okfC7]@36^
ひとまず,ひとまず,우선,JLPT JLPT_2,",^[NCX-JA"
瞳,ひとみ,눈동자,JLPT JLPT_2,n?(M2yxG]e
一休み,ひとやすみ,한숨,JLPT JLPT_2,HyAGEDQ8c+
独り言,ひとりごと,혼잣말,JLPT JLPT_2,oE(Rtaq/4c
ひとりでに,ひとりでに,제풀에,JLPT JLPT_2,PMPsW_S3Fc
ビニール,ビニール,비닐,JLPT JLPT_2,"B]r_&,m?0_"
皮肉,ひにく,아이러니,JLPT JLPT_2,pu+RSzayXS
日日,ひにち,날,JLPT JLPT_2,EDa-Ss*/(C
日にち,ひにち,기일,JLPT JLPT_2,CWiz%ru-_b
捻る,ひねる,비틀다,JLPT JLPT_2,Lsxjk5@=vY
日の入り,ひのいり,해넘이,JLPT JLPT_2,rz|&d2Q(rd
日の出,ひので,일출,JLPT JLPT_2,"G!/]^,ZBLq"
響き,ひびき,울림,JLPT JLPT_2,l&)NHT{BaW
響く,ひびく,울리다,JLPT JLPT_2,rOD*#KgIYp
皮膚,ひふ,피부,JLPT JLPT_2,cVU`)a>m;T
冷やす,ひやす,식히다,JLPT JLPT_2,r#^XW.Gb>Y
ひゃっかじてん,ひゃっかじてん,백과사전,JLPT JLPT_2,wQ6w2}QAv=
百科事典,ひゃっかじてん,백과사전,JLPT JLPT_2,cvA%H8}VUp
美容,びよう,미용,JLPT JLPT_2,D(GaCqwm&U
表紙,ひょうし,앞표지,JLPT JLPT_2,exq#1;SO@*
標識,ひょうしき,"표지, 기호",JLPT JLPT_2,kDX[w^RE%^
標準,ひょうじゅん,표준,JLPT JLPT_2,r$bk_|d--C
標本,ひょうほん,표본,JLPT JLPT_2,"lfNW^di`Y,"
評論,ひょうろん,평론,JLPT JLPT_2,s}Ej!kw1~9
ビルディング,ビルディング,건물,JLPT JLPT_2,J8!M@z<nsR
昼寝,ひるね,낮잠,JLPT JLPT_2,"x,{aI?hy6D"
広げる,ひろげる,넓히다,JLPT JLPT_2,nBlnE;%M(-
広さ,ひろさ,넓이,JLPT JLPT_2,lG>A7gDV9/
広場,ひろば,광장,JLPT JLPT_2,t3z@d(WD;9
広々,ひろびろ,널찍함,JLPT JLPT_2,Eye9Pf.VGV
ピンク,ピンク,분홍,JLPT JLPT_2,}M:Z#WBUl
便箋,びんせん,편지지,JLPT JLPT_2,DAZ9H$OhvM
瓶詰,びんづめ,병조림,JLPT JLPT_2,N_#i?7cB#[
ファスナー,ファスナー,지퍼,JLPT JLPT_2,n!rH#}$IH?
風船,ふうせん,풍선,JLPT JLPT_2,oE(8x]l~K[
不運,ふうん,불운,JLPT JLPT_2,Ek=uOv}jTZ
深まる,ふかまる,깊어지다,JLPT JLPT_2,AoEcO;]AH#
不規則,ふきそく,불규칙,JLPT JLPT_2,dufg6SP37F
普及,ふきゅう,보급,JLPT JLPT_2,sprE2d}(>:
付近,ふきん,"근처, 부근",JLPT JLPT_2,cz$T?0Oc1>
副～,ふく～,부-,JLPT JLPT_2,x7/psMz*#F
副詞,ふくし,부사,JLPT JLPT_2,A2D&p<Rh*?
複写,ふくしゃ,"복사본, 복사판",JLPT JLPT_2,"f.(+H@$,m~"
複数,ふくすう,복수,JLPT JLPT_2,"df,MeSNnZ^"
ふくめる,ふくめる,"포함하다, 일러두다",JLPT JLPT_2,E_4V!wVhjP
膨らます,ふくらます,부풀리다,JLPT JLPT_2,eZJ~QnaPP^
膨らむ,ふくらむ,부풀다,JLPT JLPT_2,gX9*eZWr#^
不潔,ふけつ,불결,JLPT JLPT_2,OlF9IGIpI)
更ける,ふける,이슥하다,JLPT JLPT_2,wdqFkMvXan
符号,ふごう,"기호, 부호",JLPT JLPT_2,IGH`HBBpBL
夫妻,ふさい,부부,JLPT JLPT_2,lo.$s^W>a[
塞がる,ふさがる,다물리다,JLPT JLPT_2,m<:=EwmCiH
塞ぐ,ふさぐ,막다,JLPT JLPT_2,pJWqjf]P&p
ふざける,ふざける,"뛰어놀다, 장난치다, 흥겹게 놀다",JLPT JLPT_2,"wxJ[ZD,*?f"
無沙汰,ぶさた,무소식,JLPT JLPT_2,mXdlHZOuK>
武士,ぶし,무사,JLPT JLPT_2,kh|VM6~+N]
部首,ぶしゅ,부수,JLPT JLPT_2,rB[8HW{H3]
蒸す,ふす,김으로 찌다,JLPT JLPT_2,r!c{A-BiN=
襖,ふすま,후스마(일본식 미닫이문),JLPT JLPT_2,Gfj{ovvCbc
附属,ふぞく,"부착된, 속한, 제휴된",JLPT JLPT_2,b5{>br)8^T
付属,ふぞく,부속,JLPT JLPT_2,"nR=,~i1i~~"
蓋,ふた,뚜껑,JLPT JLPT_2,tB(]=dUF]{
不通,ふつう,불통,JLPT JLPT_2,f3J`JKn<YY
物騒,ぶっそう,뒤숭숭한,JLPT JLPT_2,y)>wu(aHUg
ぶつぶつ,ぶつぶつ,"고시랑고시랑, 구시렁구시렁",JLPT JLPT_2,qMxSqk8|QN
船便,ふなびん,배편,JLPT JLPT_2,iRS_8@xn)m
部品,ぶひん,부품,JLPT JLPT_2,FDy}XMy%{O
吹雪,ふぶき,설한풍,JLPT JLPT_2,v+({l-j^oM
父母,ふぼ,부모,JLPT JLPT_2,Ll;-.SjS/Y
踏切,ふみきり,건널목; 도약선,JLPT JLPT_2,GO4{@dw9M.
麓,ふもと,산기슭,JLPT JLPT_2,gGv+C<J!h4
フライパン,フライパン,프라이팬,JLPT JLPT_2,"kaG8,BADao"
ブラウス,ブラウス,블라우스,JLPT JLPT_2,QM^Obt[T3I
ぶらさげる,ぶらさげる,"걸다, 매달다, 흔들다",JLPT JLPT_2,zsGS&1j7k4
ブラシ,ブラシ,"브러시, 솔",JLPT JLPT_2,GK-sv9zX*O
プラットホーム,プラットホーム,플랫폼,JLPT JLPT_2,bkr1lkRi*.
フリー,フリー,프리랜서,JLPT JLPT_2,LgNW8Pd}P5
振り仮名,ふりがな,한자 옆에 읽는 법을 가나로 단 것,JLPT JLPT_2,tp7b;~);$&
振り向く,ふりむく,뒤돌아서다,JLPT JLPT_2,M!}tc99p$L
プリント,プリント,프린트,JLPT JLPT_2,qRutfPmJ_A
古～,ふる～,헌것,JLPT JLPT_2,yOy85A_d[A
故郷,ふるさと,본고장,JLPT JLPT_2,fPH>SIa_~L
古里,ふるさと,고향,JLPT JLPT_2,L?3e+b0LsP
振舞う,ふるまう,행동하다; 대접하다,JLPT JLPT_2,ocy;g4y/Lf
ブローチ,ブローチ,브로치,JLPT JLPT_2,A1E`_ZNs45
プログラム,プログラム,프로그램,JLPT JLPT_2,CmX8s[W2Qv
風呂敷,ふろしき,보자기,JLPT JLPT_2,dHx|An0<B^
ふわふわ,ふわふわ,뽀송뽀송,JLPT JLPT_2,"ouE+^X,qav"
噴火,ふんか,분화,JLPT JLPT_2,AH/^[s43Q(
分解,ぶんかい,분해,JLPT JLPT_2,OB#FbcA~qO
文芸,ぶんげい,문예,JLPT JLPT_2,tt`(b(:~bY
文献,ぶんけん,문헌,JLPT JLPT_2,GAy|sEvJyq
噴水,ふんすい,분수,JLPT JLPT_2,"jk9H]:,ETq"
分数,ぶんすう,분수,JLPT JLPT_2,c/zwPyy+.b
文体,ぶんたい,문체,JLPT JLPT_2,ttyj|<%!tP
分布,ぶんぷ,분포,JLPT JLPT_2,"F&4[s,*.xr"
文房具,ぶんぼうぐ,문구,JLPT JLPT_2,q`Zjj<5}i7
文脈,ぶんみゃく,문맥,JLPT JLPT_2,etxX79/6Kg
分量,ぶんりょう,분량,JLPT JLPT_2,g>~(m<JIvb
分類,ぶんるい,분류,JLPT JLPT_2,t{7wYNi1W2
閉会,へいかい,폐회,JLPT JLPT_2,cAcpFr>2mr
平気,へいき,태연한; 태연함,JLPT JLPT_2,z(xagV[dg-
並行,へいこう,평행,JLPT_1 JLPT JLPT_2,oq7x11wlwL
平日,へいじつ,평일,JLPT JLPT_2,"PX,G5cgs03"
兵隊,へいたい,군사,JLPT JLPT_2,toM&i}fuLv
平凡,へいぼん,보통,JLPT JLPT_2,"s`b],MR&9J"
平野,へいや,평야,JLPT JLPT_2,L[uUr}G9/R
凹む,へこむ,우그러지다,JLPT JLPT_2,ORF0ctV6X[
へそ,へそ,배꼽,JLPT JLPT_2,qr%|N/rOJm
隔てる,へだてる,"사이를 두다, 가로막다",JLPT JLPT_2,QSnbE1ue1O
別荘,べっそう,별장,JLPT Intermediate_Japanese Genki_Ln.23 JLPT_2 Intermediate_Japanese_Ln.13 Genki,__kVP|dTW
別々,べつべつ,"각각, 따로따로",JLPT JLPT_2,jZHX%HAw.@
ベテラン,ベテラン,노병,JLPT JLPT_2,N$f]d}-cKp
ヘリコプター,ヘリコプター,헬기,JLPT JLPT_2,q)Q=o$Y_hX
編集,へんしゅう,편집,JLPT JLPT_2 Intermediate_Japanese_Ln.8 Intermediate_Japanese,CMY4=Qx!?>
便所,べんじょ,"측간, 변소",JLPT JLPT_2,vS8<$f00~!
ペンチ,ペンチ,펜치 (문자 그대로: 집게),JLPT JLPT_2,ypii1BOJF+
ボーナス,ボーナス,보너스,JLPT JLPT_2 Genki_Ln.23 Genki,HVcj_;{/5t
防～,ぼう～,"방~, ~방지",JLPT JLPT_2,b83:v}U.rY
望遠鏡,ぼうえんきょう,망원경,JLPT JLPT_2,"eUp{Pt}o,e"
方角,ほうがく,방향,JLPT JLPT_2,By.)=t/^Rp
箒,ほうき,빗자루,JLPT JLPT_2,f:ESSC#*}*
方言,ほうげん,사투리,JLPT JLPT_2,&2X^_SdQt
坊さん,ぼうさん,중,JLPT JLPT_2,"Qc,c}WSH)C"
防止,ぼうし,방지,JLPT JLPT_2,Nh.L=|T~RY
方針,ほうしん,방침,JLPT JLPT_2,stt^|Hkbmf
包装,ほうそう,겉포장,JLPT JLPT_2,Otsl}ZzWXb
法則,ほうそく,법칙,JLPT JLPT_2,iMzqR&2E$7
包帯,ほうたい,붕대,JLPT JLPT_2,jdeHukm4CR
膨大,ぼうだい,매우 큰 모양; 매우 큰,JLPT JLPT_2,hDhfR$-iz
包丁,ほうちょう,식칼,JLPT JLPT_2,F|0`&E;>^U
方程式,ほうていしき,방정식,JLPT JLPT_2,CWj-S*o0>!
防犯,ぼうはん,방범,JLPT JLPT_2,ud5?<C%(~-
方面,ほうめん,"방면, 쪽",JLPT JLPT_2 Intermediate_Japanese_Ln.8 Intermediate_Japanese,pYi7d6I9bd
坊や,ぼうや,"꼬마, 도련님",JLPT JLPT_2,G_?oo:%KzF
放る,ほうる,뀌다,JLPT JLPT_2,"C{B(cB/!,S"
朗らか,ほがらか,명랑한,JLPT JLPT_2,"biS@,:!mm:"
朗らか(な),ほがらか(な),"명랑함, 맑음",JLPT JLPT_2,B5Ml)a4{iI
牧場,ぼくじょう,목장,JLPT JLPT_2,"D[,+7?JI;Q"
牧畜,ぼくちく,목축,JLPT JLPT_2,oCu$DV_SOs
保健,ほけん,보건,JLPT JLPT_2,"tY,tXP&1EW"
募集,ぼしゅう,모집,JLPT JLPT_2 Genki_Ln.13 Genki,IXW1A3^TP]
干す,ほす,말리다,JLPT JLPT_2,G2&WPE#=vv
ポスター,ポスター,포스터,JLPT_2 JLPT Genki_Ln.21 Genki,vz]f3qYXvW
北極,ほっきょく,북극,JLPT JLPT_2,bgjpd&a{kA
坊っちゃん,ぼっちゃん,"도련님, 남의 아들",JLPT JLPT_2,F}X~i4B*xw
解く,ほどく,풀다,JLPT JLPT_2,FAb2m|I`v1
掘る,ほる,파다,JLPT JLPT_2,P(Ii(].EKe
彫る,ほる,파다,JLPT JLPT_2,w:dO4e{8Ji
ぼろ,ぼろ,"남루, 넝마",JLPT JLPT_2,"NW1R}tvp,P"
盆,ぼん,쟁반,JLPT JLPT_2,qj@{)T)L*<
盆地,ぼんち,분지,JLPT JLPT_2,cA[T.nYJ`t
ほんの～,ほんの～,단지 그 정도에 불과한,JLPT JLPT_2,LD`QTJO;b~
本部,ほんぶ,본부,JLPT JLPT_2,j_S85q;bAx
本来,ほんらい,본래,JLPT JLPT_2,d:u_JtOqN$
まあまあ,まあまあ,"그럭저럭, 그런대로",JLPT JLPT_2 Genki_Ln.11 Genki,gEu+!$P11#
毎～,まい～,매,JLPT JLPT_2,A((3F0kA(~
枚数,まいすう,매수,JLPT JLPT_2,txIx.*SQ<<
毎度,まいど,매회,JLPT JLPT_2,tNEeyhC?CO
まく,まく,넣다,JLPT JLPT_2,HX*jvL+{?S
枕,まくら,베개,JLPT JLPT_2,r:aSt_cmjW
曲げる,まげる,"구부리다, 굽히다",JLPT JLPT_2,c^Y!O@AS0!
まごまご,まごまご,갈팡질팡,JLPT JLPT_2,fsndtXo3d3
摩擦,まさつ,마찰,JLPT_2 JLPT Intermediate_Japanese_Ln.15 Intermediate_Japanese,s]MF/PuI>5
まざる,まざる,섞이다,JLPT JLPT_2,jl4iD/OMQ)
まじる,まじる,섞이다; 교제하다,JLPT JLPT_2,tA}W)>X]v|
マスク,マスク,마스크,JLPT JLPT_2,C!G`yaEZpC
まぜる,まぜる,"섞다, 혼합하다",JLPT JLPT_2,N2_f#cqR]>
またぐ,またぐ,(한쪽에서 다른 쪽으로) 걸치다,JLPT JLPT_2,MVE!gLhDn<
跨ぐ,またぐ,"가로지르다, 걸쳐 놓다",JLPT JLPT_2,G1zbrDd=1y
待合室,まちあいしつ,대기실,JLPT JLPT_2,K=0IrWVZf4
待ち合わせる,まちあわせる,약속하여 만나다,JLPT JLPT_2,ba8vXTF^0z
街角,まちかど,길목,JLPT JLPT_2,Qdd<k6I!B.
真っ暗,まっくら,캄캄함,JLPT JLPT_2,L9D&pF9do3
真っ黒,まっくろ,새까맣다,JLPT JLPT_2,uf8qa)}H~~
真っ青,まっさお,새파랗다; 창백하다,JLPT JLPT_2,O<9;wBZ~L0
真っ先,まっさき,서두,JLPT JLPT_2,J/q2ej|!r|
真っ白,まっしろ,순백,JLPT JLPT_2,J6?OmtkLVX
祭る,まつる,모시다,JLPT JLPT_2,GdV0$T|dnJ
窓口,まどぐち,창구,JLPT JLPT_2 Intermediate_Japanese_Ln.10 Intermediate_Japanese,xdz)^i]j;[
真似る,まねる,본뜨다,JLPT JLPT_2,uJZVzYu2Ry
まぶた,まぶた,눈까풀,JLPT JLPT_2,G%BvRagvhI
マフラー,マフラー,목도리,JLPT_2 JLPT Genki_Ln.14 Genki,Q87-B${@Jc
間も無く,まもなく,이내,JLPT JLPT_2,vaV9T=MxPD
間もなく,まもなく,곧,JLPT JLPT_2,yu:b9)h!u&
マラソン,マラソン,마라톤,JLPT JLPT_2,x1bZ*0{Jmx
稀,まれ,희귀,JLPT JLPT_2,fI}bUBDb~F
回り道,まわりみち,우회,JLPT JLPT_2,EmJ?soVNP8
満員,まんいん,만원,JLPT JLPT_2,lNFNyW1^.O
マンション,マンション,아파트,JLPT_2 JLPT Genki_Ln.14 Genki,BK;@JartEg
満点,まんてん,만점,JLPT JLPT_2,wMe[}41xth
未～,み～,미-,JLPT JLPT_2,jlo$?jcv~p
見上げる,みあげる,올려다보다,JLPT JLPT_2,f/_Ecz_n}6
見送る,みおくる,"전송하다, 바래다",JLPT JLPT_2,k=}(8{DG3E
見下ろす,みおろす,"굽어보다, 내려다보다",JLPT JLPT_2,"J,1|nmvT6*"
見掛け,みかけ,"허울, 외표",JLPT JLPT_2,M{6UR7>ns)
三日月,みかづき,초승달,JLPT JLPT_2,"oy@Fx($<,|"
岬,みさき,-곶,JLPT JLPT_2,mse@aZCB{~
みじめ,みじめ,"슬픈, 가련한, 비참한",JLPT JLPT_2,yJ1{6!ct=e
惨めな,みじめな,"비참한, 불쌍한, 불행한, 슬픈, 가련한",JLPT JLPT_2,N0/%L2iZ-/
ミシン,ミシン,재봉틀,JLPT JLPT_2,d1j}k[P`go
自ら,みずから,"친히, 몸소",JLPT JLPT_2,Jm|Fujfl1c
水着,みずぎ,수영복,JLPT JLPT_2,o%MGb.}$^_
店屋,みせや,가게,JLPT JLPT_2,vv#zIkIc#p
見出し,みだし,표제어,JLPT JLPT_2,H76Ot%CaXm
道順,みちじゅん,"길, 순로",JLPT JLPT_2,e.TVg<fHh^
みっともない,みっともない,"보기 흉하다, 창피하다",JLPT JLPT_2 Intermediate_Japanese Intermediate_Japanese_Ln.11,NM_z!JuhP7
見詰める,みつめる,바라보다,JLPT JLPT_2,ggyxS%fcH3
見直す,みなおす,"검토하다, 확인하다",JLPT JLPT_2,i4L<t=G)#$
見慣れる,みなれる,낯익다,JLPT JLPT_2,L|*x29{!8`
醜い,みにくい,"추하다, 밉다",JLPT JLPT_2 Intermediate_Japanese_Ln.10 Intermediate_Japanese,>3rAC]n#o
実る,みのる,"결실하다, 달리다",JLPT JLPT_2,s?siXG_F6O
身分,みぶん,신분,JLPT JLPT_2,QAgzyPeRRn
見本,みほん,"견본, 견본품",JLPT JLPT_2,AWma@Eod@B
見舞う,みまう,위문하다,JLPT JLPT_2,zTV4Yost{h
未満,みまん,미만,JLPT JLPT_2,nt1s0!NVdz
名字,みょうじ,성,JLPT JLPT_2,"Ew6=${R8,S"
ミリ (メートル),ミリ (メートル),밀리~,JLPT JLPT_2,kM;@-}8}0R
診る,みる,보다,JLPT JLPT_2,"q@#,?h7tBf"
民間,みんかん,민간,JLPT JLPT_2,vv3cePKnIT
民主～,みんしゅ～,민주,JLPT JLPT_2,K3~5HUQIAM
民謡,みんよう,민요,JLPT JLPT_2,pP&9kI-fbS
無限,むげん,무한,JLPT JLPT_2,gDON}p~:3b
無地,むじ,민무늬,JLPT JLPT_2,o<F6#GtsCJ
蒸し暑い,むしあつい,찌다,JLPT JLPT_2,b:SYmm(y*W
矛盾,むじゅん,모순,JLPT JLPT_2,o%DtBbl{ew
無数,むすう,부지기수,JLPT JLPT_2,CTm.Li6V%.
紫,むらさき,보라색,JLPT JLPT_2,L>.R5hInn&
群れ,むれ,무리,JLPT JLPT_2,B_zh7-tRm8
姪,めい,조카딸,JLPT JLPT_2 Intermediate_Japanese_Ln.8 Intermediate_Japanese,kEuo{su[^Q
名～,めい～,명-,JLPT JLPT_2,Ojv<[]|SWz
名作,めいさく,명작,JLPT JLPT_2,h/LK6GJnNJ
名詞,めいし,명사,JLPT JLPT_2,iPorDGRE(|
名刺,めいし,명함,JLPT JLPT_2,z;/559u$MG
名所,めいしょ,명소,JLPT JLPT_2,n}/wr4@6m|
迷信,めいしん,미신,JLPT JLPT_2,"p|p0h,n7H0"
命ずる,めいずる,명하다,JLPT JLPT_2,Qc}ueJ@_WT
名物,めいぶつ,명물,JLPT JLPT_2,q76$d]Uuar
銘々,めいめい,각자,JLPT JLPT_2,N3.+yn]5jC
恵まれる,めぐまれる,오다,JLPT JLPT_2,"s!Z[_1,-&j"
巡る,めぐる,돌아가다,JLPT JLPT_2,GKyShII|t^
目指す,めざす,목적하다,JLPT JLPT_2,oG%j5iiHnk
目覚し,めざまし,자명종,JLPT JLPT_2,d0&ePwjG0x
目下,めした,지금,JLPT JLPT_2,K0{dBA~W!9
目印,めじるし,"표, 표지",JLPT JLPT_2,q`zWJQ:%c#
目立つ,めだつ,"튀다, 도드라지다",JLPT JLPT_2,tk[T8cc59E
めちゃくちゃ,めちゃくちゃ,흠씬,JLPT JLPT_2,uO5)`QU0vj
めっきり,めっきり,"현저히, 부쩍",JLPT JLPT_2,"wL+5c9k~v,"
めでたい,めでたい,경사스럽다,JLPT JLPT_2,sd<5h;im*g
メニュー,メニュー,메뉴,JLPT Intermediate_Japanese JLPT_2 Intermediate_Japanese_Ln.6 Genki_Ln.2 Genki,Qb[M(zgy5[
めまい,めまい,현기증,JLPT JLPT_2,w[+/szbGSa
目安,めやす,수준,JLPT JLPT_2,"BF>,#hrn[;"
免税,めんぜい,면세,JLPT JLPT_2,ED4QKkxoOi
面積,めんせき,면적,JLPT JLPT_2,nvFYwK_.$V
面接,めんせつ,면접,JLPT JLPT_2,"G{,..f)t;T"
面倒臭い,めんどうくさい,번거롭다,JLPT JLPT_2,v_H;=Sw:>n
モーター,モーター,모터,JLPT JLPT_2,"wBaq,e|KHL"
儲かる,もうかる,"남다, 떨어지다",JLPT JLPT_2,"x^)#,>iTuV"
儲ける,もうける,벌다,JLPT JLPT_2,knorMFQjZa
申し訳ない,もうしわけない,미안하다,JLPT JLPT_2,hK_t:TVUx-
木材,もくざい,목재,JLPT JLPT_2,p])fTiJgeI
目次,もくじ,목차,JLPT JLPT_2,M+OIm~SY-.
潜る,もぐる,숨다,JLPT JLPT_2,qj|MaKX?5J
もしかしたら,もしかしたら,혹시나,JLPT JLPT_2,j:FmHM43yb
もたれる,もたれる,더부룩하다,JLPT JLPT_2,Qh6t6//2Z$
凭れる,もたれる,기대다,JLPT JLPT_2,fLRY=%%+A3
モダン,モダン,현대적인,JLPT JLPT_2,N5!.;_=H-k
餅,もち,떡,JLPT JLPT_2,OEgIoQ4(`q
モデル,モデル,모델,JLPT JLPT_2 Intermediate_Japanese_Ln.8 Intermediate_Japanese,hjD+7m/[]w
元々,もともと,원래,JLPT JLPT_2,u[5ChLTTM_
物置,ものおき,광,JLPT JLPT_2,JX]1h3C@-y
物語る,ものがたる,얘기하다,JLPT JLPT_2,M5^N%-Zkc~
物差し,ものさし,자,JLPT JLPT_2,c.4G}[6Jdw
物凄い,ものすごい,"굉장하다, 숱하다",JLPT JLPT_2,P17Ihw(4J*
モノレール,モノレール,모노레일,JLPT JLPT_2,l0q)O[^}S)
紅葉,もみじ,단풍나무,JLPT JLPT_2,hx<2A]~{T*
揉む,もむ,"주무르다, 치대다",JLPT JLPT_2,0PUyW_0#W
もやす,もやす,태우다,JLPT JLPT_2,r6}Dz{1iu]
催し,もよおし,행사,JLPT JLPT_2,"EIU(L,`^Eh"
盛る,もる,"봉하다, 담다",JLPT JLPT_2,N]CqJA)#E%
問答,もんどう,문답,JLPT JLPT_2,A@X}Rt9?ZV
やかましい,やかましい,"까다롭게 굴다, 지나치게 비판적이다",JLPT JLPT_2 Intermediate_Japanese Intermediate_Japanese_Ln.11,K^1j<(hE_K
喧しい,やかましい,"시끄럽다, 까다롭다",JLPT JLPT_2,Pemm{hE0w}
夜間,やかん,야간,JLPT JLPT_2,l-mqt6Hx:l
やかん,やかん,주전자,JLPT JLPT_2,"tkW,zBf(b9"
やかん,やかん,주전자,JLPT JLPT_2,"tkW,zBf(b9"
役者,やくしゃ,배우,JLPT JLPT_2,v7(WAy>oTx
役所,やくしょ,"구청, 면사무소",JLPT JLPT_2,tYh<Y-yS(<
役人,やくにん,공직자,JLPT JLPT_2,fB!QQWF_/~
薬品,やくひん,약품,JLPT JLPT_2,B95{D=Mv7A
役目,やくめ,"몫, 소임",JLPT JLPT_2,eJf:#JG.ri
火傷,やけど,화상,JLPT JLPT_2,7I)hC`TW?
夜行,やこう,야행,JLPT JLPT_2,"y;lSnX%t,>"
矢印,やじるし,화살표,JLPT JLPT_2,An<(bJl4^{
やたらに,やたらに,생판,JLPT JLPT_2,D]ow_1`[wN
薬局,やっきょく,약국,JLPT JLPT_2,N194=aZ:d#
やっつける,やっつける,요절내다,JLPT JLPT_2,l@9):k=!@X
やっぱり,やっぱり,그렇지,Genki_Ln.17 JLPT JLPT_2 Genki,"wZ<[J,i02f"
家主,やぬし,집주인,JLPT JLPT_2,DUdGHLB_/_
破く,やぶく,찢다,JLPT JLPT_2,sH>!N}Nah~
やむをえない,やむをえない,어쩔 수 없다,JLPT JLPT_2,h@Tq3wqB9&
軟らかい,やわらかい,"말랑말랑하다, 말랑하다",JLPT JLPT_2,I1/=F(E;;H
遊園地,ゆうえんち,놀이공원,JLPT JLPT_2,dC>55R1XHE
夕刊,ゆうかん,석간신문,JLPT JLPT_2,G?pT?]klj{
友好,ゆうこう,우호,JLPT JLPT_2,qSk@+t:._p
郵送,ゆうそう,우송,JLPT JLPT_2,"pak,%]0,3<"
夕立,ゆうだち,소낙비,JLPT JLPT_2,FOO]a;xGYZ
夕日,ゆうひ,석양,JLPT JLPT_2,BF*@*C-(FW
悠々,ゆうゆう,"유유히, 여유롭게",JLPT JLPT_2,H<2A&m;&q9
有料,ゆうりょう,유료,JLPT JLPT_2,tT[a^[Mtvi
浴衣,ゆかた,유카타,JLPT JLPT_2 Intermediate_Japanese_Ln.10 Intermediate_Japanese,h-?-L8Q|2u
行方,ゆくえ,행방,JLPT JLPT_2,P?=c#@orQc
湯気,ゆげ,김,JLPT JLPT_2,fcrd=}hEtO
輸血,ゆけつ,수혈,JLPT JLPT_2,ui=5Rt>-i.
輸送,ゆそう,수송,JLPT JLPT_2,nl?PiUS:Q5
油断,ゆだん,방심,JLPT JLPT_2,"L&`<@,Zftu"
湯飲み,ゆのみ,찻잔,JLPT JLPT_2,s*/X<SI&g1
湯飲,ゆのみ,찻잔,JLPT JLPT_2,pwNMm0bu8j
緩い,ゆるい,느슨하다,JLPT JLPT_2,f-=j^I>k%>
溶岩,ようがん,용암,JLPT JLPT_2,"z`5eZ>DM,!"
容器,ようき,용기,JLPT JLPT_2,f536=$=S=m
用語,ようご,용어,JLPT JLPT_2 Intermediate_Japanese_Ln.2 Intermediate_Japanese,q6%7}a8txx
要旨,ようし,요지,JLPT JLPT_2,"v/s,Hals&5"
幼児,ようじ,유아,JLPT JLPT_2,Fb~|WLt[gi
容積,ようせき,용적,JLPT JLPT_2,qn|]G/bN%y
幼稚,ようち,유치한,JLPT JLPT_2,I1`Ngu(?)h
幼稚園,ようちえん,유치원,JLPT_2 JLPT Intermediate_Japanese_Ln.15 Intermediate_Japanese,GBPX%?VOoV
用途,ようと,쓸모,JLPT JLPT_2,ydM@yIpgUu
洋品店,ようひんてん,"양품점, 서양식 의류점",JLPT JLPT_2,LZsjB@a&45
養分,ようぶん,영양분,JLPT JLPT_2,lk^;Qp?#ur
羊毛,ようもう,양모,JLPT JLPT_2,w_=+w8H+Ok
漸く,ようやく,"마침내, 겨우",JLPT JLPT_2,C^iNv5N4/*
要領,ようりょう,요령,JLPT JLPT_2,za3T9]!5JM
翌～,よく～,다음 ~,JLPT JLPT_2,Q|Y?=K(5C;
欲張り,よくばり,"욕심꾸러기, 욕심쟁이",JLPT JLPT_2,b3gWN3k9:4
余計,よけい,여분,JLPT JLPT_2,FkpUW)M;0p
よこす,よこす,"보내다, 전달하다; (예: 돈) 건네주다",JLPT JLPT_2,GJ|S}*`g9u
よごす,よごす,더럽히다,JLPT JLPT_2,"kPI0fi{,b:"
寄せる,よせる,붙이다,JLPT JLPT_2,td?jGlx.7h
余所,よそ,외간,JLPT JLPT_2,GE|2R=rvQy
四つ角,よつかど,네거리,JLPT JLPT_2,EBB^]8mrLm
酔っ払い,よっぱらい,주정뱅이,JLPT JLPT_2,m$-1zT#)h6
予備,よび,예비,JLPT JLPT_2,oCDbXIVuCu
呼び掛ける,よびかける,당부하다,JLPT JLPT_2,E]+6r}%ERq
呼び出す,よびだす,호출하다,JLPT JLPT_2,B]HE<fu.Gh
蘇る,よみがえる,살아나다,JLPT JLPT_2,bFWlW*}Y0x
慶ぶ,よろこぶ,좋아하다,JLPT JLPT_2,bYQ/7BX1[E
来日,らいにち,"내일, 일본에 옴",JLPT JLPT_2,F=tQ&:UgOr
落第,らくだい,낙방,JLPT JLPT_2,Q(J~:!^_h.
ラッシュアワー,ラッシュアワー,러시아워,JLPT JLPT_2 Intermediate_Japanese_Ln.10 Intermediate_Japanese,qG.v6=72Ou
欄,らん,(신문 등의) 난,JLPT JLPT_2,"I[,7dha!hT"
ランチ,ランチ,점심,JLPT JLPT_2,G/r6l:J~B?
ランニング,ランニング,달리기; 러닝셔츠,JLPT JLPT_2,Ctg/L&AR{n
乱暴,らんぼう,난폭,JLPT JLPT_2,s8$*-j{s@r
理科,りか,이과,JLPT JLPT_2,f#/2Fo6[T)
利害,りがい,이해,JLPT JLPT_2,BYu5o+Pi5&
リズム,リズム,리듬,JLPT JLPT_2,sEJgqt=slc
リットル,リットル,리터,JLPT JLPT_2,J=WKC<9({c
リポート,リポート,리포트,JLPT JLPT_2,"C>!.T,TyRb"
リボン,リボン,리본,JLPT JLPT_2,d<&zzlZBY`
略す,りゃくす,"줄이다, 생략하다",JLPT JLPT_2,tS9.Rzrjw(
流域,りゅういき,유역,JLPT JLPT_2,fHWZ-KtDHt
寮,りょう,기숙사,JLPT JLPT_2,v~j5~V9)9G
両～,りょう～,양,JLPT JLPT_2,i/MiSZ3!G4
両側,りょうがわ,양쪽,JLPT JLPT_2,I4rwSM+9WF
漁師,りょうし,고기잡이,JLPT JLPT_2,lKSSx-0&_N
領事,りょうじ,영사,JLPT JLPT_2,Pu=nQI2MaF
領収,りょうしゅう,영수,JLPT JLPT_2,g0BH(u/;@f
臨時,りんじ,임시,JLPT JLPT_2,"IQ{y{$,U6]"
留守番,るすばん,집 지키기,JLPT JLPT_2 Genki_Ln.23 Genki,MW#7DF[RQ)
例外,れいがい,예외,JLPT JLPT_2,tw6[F{cyVX
零点,れいてん,빵점,JLPT JLPT_2,Hh<_pAYn4<
冷凍,れいとう,냉동,JLPT JLPT_2,iIL[pf<7Zb
レインコート,レインコート,비옷,JLPT JLPT_2,h{`Micb;bg
レクリェーション,レクリェーション,"레크리에이션, 오락",JLPT JLPT_2,MmD@s.(0])
レジャー,レジャー,레저,JLPT JLPT_2,o0|E{X}Nj}
列島,れっとう,열도,JLPT JLPT_2,Ev?wG8aB}r
煉瓦,れんが,벽돌,JLPT JLPT_2,cY@sqBwW67
連合,れんごう,연합,JLPT JLPT_2,F3-L+C:h6>
レンズ,レンズ,렌즈,JLPT JLPT_2,w1(O7Kos8|
ローマ字,ローマじ,로마자,JLPT_2 JLPT Intermediate_Japanese_Ln.15 Intermediate_Japanese,"n,*Nb4*]$5"
ろうそく,ろうそく,양초,JLPT_2 JLPT Genki_Ln.18 Genki,w_)UKdrs_:
録音,ろくおん,녹취,JLPT JLPT_2,E#iNpJw]tp
ロッカー,ロッカー,사물함,JLPT JLPT_2,m*zHe7hzP9
ロビー,ロビー,로비,JLPT JLPT_2,i8ig9mjNdK
論ずる,ろんずる,논하다,JLPT JLPT_2,y/^Bn9Z9<_
和～,わ～,왜,JLPT JLPT_2,JBvdN:J16X
和英,わえい,"일영, 일본어-영어",JLPT JLPT_2,"B*@cU.E9,A"
我～,わが～,우리의 ~,JLPT JLPT_2,L0:Cs<lBa|
分かれる,わかれる,"갈라지다, 쪼개어지다",JLPT JLPT_2,b{~nvNu2:{
若々しい,わかわかしい,젊어 보임,JLPT JLPT_2,EC2u(({!rQ
詫びる,わびる,사과하다,JLPT JLPT_2,x!9QsM6~r{
和服,わふく,일본옷,JLPT JLPT_2,v@K#0^dxIj
割合に,わりあいに,"상대적으로, 비교적",JLPT JLPT_2,A0do>r1!)l
割算,わりざん,나눗셈 (수학),JLPT JLPT_2,eZw4N!$Eu-
割と,わりと,비교적,JLPT JLPT_2,"I-,z(jixJ,"
割引,わりびき,할인,JLPT JLPT_2,oLo@nz.I(q
ワンピース,ワンピース,원피스,JLPT JLPT_2,l({SDlo@!^
